split	stem	image_path	annotation_path	source_split
train	0000006_01659_d_0000004	/home/wangzhe/DroneP_VG/dataset/VisDroneSplit1000Guarded/VisDrone2019-DET-train/images/0000006_01659_d_0000004.jpg	/home/wangzhe/DroneP_VG/dataset/VisDroneSplit1000Guarded/VisDrone2019-DET-train/annotations/0000006_01659_d_0000004.txt	test
train	0000008_00889_d_0000039	/home/wangzhe/DroneP_VG/dataset/VisDroneSplit1000Guarded/VisDrone2019-DET-train/images/0000008_00889_d_0000039.jpg	/home/wangzhe/DroneP_VG/dataset/VisDroneSplit1000Guarded/VisDrone2019-DET-train/annotations/0000008_00889_d_0000039.txt	train
train	0000011_05068_d_0000008	/home/wangzhe/DroneP_VG/dataset/VisDroneSplit1000Guarded/VisDrone2019-DET-train/images/0000011_05068_d_0000008.jpg	/home/wangzhe/DroneP_VG/dataset/VisDroneSplit1000Guarded/VisDrone2019-DET-train/annotations/0000011_05068_d_0000008.txt	test
train	0000026_03000_d_0000030	/home/wangzhe/DroneP_VG/dataset/VisDroneSplit1000Guarded/VisDrone2019-DET-train/images/0000026_03000_d_0000030.jpg	/home/wangzhe/DroneP_VG/dataset/VisDroneSplit1000Guarded/VisDrone2019-DET-train/annotations/0000026_03000_d_0000030.txt	val
train	0000039_00000_d_0000055	/home/wangzhe/DroneP_VG/dataset/VisDroneSplit1000Guarded/VisDrone2019-DET-train/images/0000039_00000_d_0000055.jpg	/home/wangzhe/DroneP_VG/dataset/VisDroneSplit1000Guarded/VisDrone2019-DET-train/annotations/0000039_00000_d_0000055.txt	train
train	0000045_00500_d_0000084	/home/wangzhe/DroneP_VG/dataset/VisDroneSplit1000Guarded/VisDrone2019-DET-train/images/0000045_00500_d_0000084.jpg	/home/wangzhe/DroneP_VG/dataset/VisDroneSplit1000Guarded/VisDrone2019-DET-train/annotations/0000045_00500_d_0000084.txt	train
train	0000045_01032_d_0000085	/home/wangzhe/DroneP_VG/dataset/VisDroneSplit1000Guarded/VisDrone2019-DET-train/images/0000045_01032_d_0000085.jpg	/home/wangzhe/DroneP_VG/dataset/VisDroneSplit1000Guarded/VisDrone2019-DET-train/annotations/0000045_01032_d_0000085.txt	train
train	0000063_07000_d_0000008	/home/wangzhe/DroneP_VG/dataset/VisDroneSplit1000Guarded/VisDrone2019-DET-train/images/0000063_07000_d_0000008.jpg	/home/wangzhe/DroneP_VG/dataset/VisDroneSplit1000Guarded/VisDrone2019-DET-train/annotations/0000063_07000_d_0000008.txt	test
train	0000063_08995_d_0000010	/home/wangzhe/DroneP_VG/dataset/VisDroneSplit1000Guarded/VisDrone2019-DET-train/images/0000063_08995_d_0000010.jpg	/home/wangzhe/DroneP_VG/dataset/VisDroneSplit1000Guarded/VisDrone2019-DET-train/annotations/0000063_08995_d_0000010.txt	test
train	0000068_01500_d_0000005	/home/wangzhe/DroneP_VG/dataset/VisDroneSplit1000Guarded/VisDrone2019-DET-train/images/0000068_01500_d_0000005.jpg	/home/wangzhe/DroneP_VG/dataset/VisDroneSplit1000Guarded/VisDrone2019-DET-train/annotations/0000068_01500_d_0000005.txt	train
train	0000069_00483_d_0000002	/home/wangzhe/DroneP_VG/dataset/VisDroneSplit1000Guarded/VisDrone2019-DET-train/images/0000069_00483_d_0000002.jpg	/home/wangzhe/DroneP_VG/dataset/VisDroneSplit1000Guarded/VisDrone2019-DET-train/annotations/0000069_00483_d_0000002.txt	val
train	0000069_01109_d_0000004	/home/wangzhe/DroneP_VG/dataset/VisDroneSplit1000Guarded/VisDrone2019-DET-train/images/0000069_01109_d_0000004.jpg	/home/wangzhe/DroneP_VG/dataset/VisDroneSplit1000Guarded/VisDrone2019-DET-train/annotations/0000069_01109_d_0000004.txt	val
train	0000069_01878_d_0000005	/home/wangzhe/DroneP_VG/dataset/VisDroneSplit1000Guarded/VisDrone2019-DET-train/images/0000069_01878_d_0000005.jpg	/home/wangzhe/DroneP_VG/dataset/VisDroneSplit1000Guarded/VisDrone2019-DET-train/annotations/0000069_01878_d_0000005.txt	val
train	0000070_06990_d_0000007	/home/wangzhe/DroneP_VG/dataset/VisDroneSplit1000Guarded/VisDrone2019-DET-train/images/0000070_06990_d_0000007.jpg	/home/wangzhe/DroneP_VG/dataset/VisDroneSplit1000Guarded/VisDrone2019-DET-train/annotations/0000070_06990_d_0000007.txt	train
train	0000072_04493_d_0000005	/home/wangzhe/DroneP_VG/dataset/VisDroneSplit1000Guarded/VisDrone2019-DET-train/images/0000072_04493_d_0000005.jpg	/home/wangzhe/DroneP_VG/dataset/VisDroneSplit1000Guarded/VisDrone2019-DET-train/annotations/0000072_04493_d_0000005.txt	train
train	0000074_01218_d_0000002	/home/wangzhe/DroneP_VG/dataset/VisDroneSplit1000Guarded/VisDrone2019-DET-train/images/0000074_01218_d_0000002.jpg	/home/wangzhe/DroneP_VG/dataset/VisDroneSplit1000Guarded/VisDrone2019-DET-train/annotations/0000074_01218_d_0000002.txt	test
train	0000074_07297_d_0000014	/home/wangzhe/DroneP_VG/dataset/VisDroneSplit1000Guarded/VisDrone2019-DET-train/images/0000074_07297_d_0000014.jpg	/home/wangzhe/DroneP_VG/dataset/VisDroneSplit1000Guarded/VisDrone2019-DET-train/annotations/0000074_07297_d_0000014.txt	visdrone_test_100
train	0000074_08777_d_0000017	/home/wangzhe/DroneP_VG/dataset/VisDroneSplit1000Guarded/VisDrone2019-DET-train/images/0000074_08777_d_0000017.jpg	/home/wangzhe/DroneP_VG/dataset/VisDroneSplit1000Guarded/VisDrone2019-DET-train/annotations/0000074_08777_d_0000017.txt	visdrone_test_100
train	0000076_00352_d_0000002	/home/wangzhe/DroneP_VG/dataset/VisDroneSplit1000Guarded/VisDrone2019-DET-train/images/0000076_00352_d_0000002.jpg	/home/wangzhe/DroneP_VG/dataset/VisDroneSplit1000Guarded/VisDrone2019-DET-train/annotations/0000076_00352_d_0000002.txt	train
train	0000076_01444_d_0000005	/home/wangzhe/DroneP_VG/dataset/VisDroneSplit1000Guarded/VisDrone2019-DET-train/images/0000076_01444_d_0000005.jpg	/home/wangzhe/DroneP_VG/dataset/VisDroneSplit1000Guarded/VisDrone2019-DET-train/annotations/0000076_01444_d_0000005.txt	train
train	0000076_03930_d_0000013	/home/wangzhe/DroneP_VG/dataset/VisDroneSplit1000Guarded/VisDrone2019-DET-train/images/0000076_03930_d_0000013.jpg	/home/wangzhe/DroneP_VG/dataset/VisDroneSplit1000Guarded/VisDrone2019-DET-train/annotations/0000076_03930_d_0000013.txt	train
train	0000076_04925_d_0000017	/home/wangzhe/DroneP_VG/dataset/VisDroneSplit1000Guarded/VisDrone2019-DET-train/images/0000076_04925_d_0000017.jpg	/home/wangzhe/DroneP_VG/dataset/VisDroneSplit1000Guarded/VisDrone2019-DET-train/annotations/0000076_04925_d_0000017.txt	train
train	0000079_00507_d_0000001	/home/wangzhe/DroneP_VG/dataset/VisDroneSplit1000Guarded/VisDrone2019-DET-train/images/0000079_00507_d_0000001.jpg	/home/wangzhe/DroneP_VG/dataset/VisDroneSplit1000Guarded/VisDrone2019-DET-train/annotations/0000079_00507_d_0000001.txt	train
train	0000079_01515_d_0000005	/home/wangzhe/DroneP_VG/dataset/VisDroneSplit1000Guarded/VisDrone2019-DET-train/images/0000079_01515_d_0000005.jpg	/home/wangzhe/DroneP_VG/dataset/VisDroneSplit1000Guarded/VisDrone2019-DET-train/annotations/0000079_01515_d_0000005.txt	train
train	0000079_01783_d_0000007	/home/wangzhe/DroneP_VG/dataset/VisDroneSplit1000Guarded/VisDrone2019-DET-train/images/0000079_01783_d_0000007.jpg	/home/wangzhe/DroneP_VG/dataset/VisDroneSplit1000Guarded/VisDrone2019-DET-train/annotations/0000079_01783_d_0000007.txt	train
train	0000080_00002_d_0000001	/home/wangzhe/DroneP_VG/dataset/VisDroneSplit1000Guarded/VisDrone2019-DET-train/images/0000080_00002_d_0000001.jpg	/home/wangzhe/DroneP_VG/dataset/VisDroneSplit1000Guarded/VisDrone2019-DET-train/annotations/0000080_00002_d_0000001.txt	train
train	0000086_01084_d_0000003	/home/wangzhe/DroneP_VG/dataset/VisDroneSplit1000Guarded/VisDrone2019-DET-train/images/0000086_01084_d_0000003.jpg	/home/wangzhe/DroneP_VG/dataset/VisDroneSplit1000Guarded/VisDrone2019-DET-train/annotations/0000086_01084_d_0000003.txt	val
train	0000087_00700_d_0000003	/home/wangzhe/DroneP_VG/dataset/VisDroneSplit1000Guarded/VisDrone2019-DET-train/images/0000087_00700_d_0000003.jpg	/home/wangzhe/DroneP_VG/dataset/VisDroneSplit1000Guarded/VisDrone2019-DET-train/annotations/0000087_00700_d_0000003.txt	visdrone_test_100
train	0000101_00228_d_0000016	/home/wangzhe/DroneP_VG/dataset/VisDroneSplit1000Guarded/VisDrone2019-DET-train/images/0000101_00228_d_0000016.jpg	/home/wangzhe/DroneP_VG/dataset/VisDroneSplit1000Guarded/VisDrone2019-DET-train/annotations/0000101_00228_d_0000016.txt	train
train	0000101_02927_d_0000019	/home/wangzhe/DroneP_VG/dataset/VisDroneSplit1000Guarded/VisDrone2019-DET-train/images/0000101_02927_d_0000019.jpg	/home/wangzhe/DroneP_VG/dataset/VisDroneSplit1000Guarded/VisDrone2019-DET-train/annotations/0000101_02927_d_0000019.txt	train
train	0000102_02749_d_0000024	/home/wangzhe/DroneP_VG/dataset/VisDroneSplit1000Guarded/VisDrone2019-DET-train/images/0000102_02749_d_0000024.jpg	/home/wangzhe/DroneP_VG/dataset/VisDroneSplit1000Guarded/VisDrone2019-DET-train/annotations/0000102_02749_d_0000024.txt	train
train	0000105_02201_d_0000071	/home/wangzhe/DroneP_VG/dataset/VisDroneSplit1000Guarded/VisDrone2019-DET-train/images/0000105_02201_d_0000071.jpg	/home/wangzhe/DroneP_VG/dataset/VisDroneSplit1000Guarded/VisDrone2019-DET-train/annotations/0000105_02201_d_0000071.txt	visdrone_test_100
train	0000105_02539_d_0000072	/home/wangzhe/DroneP_VG/dataset/VisDroneSplit1000Guarded/VisDrone2019-DET-train/images/0000105_02539_d_0000072.jpg	/home/wangzhe/DroneP_VG/dataset/VisDroneSplit1000Guarded/VisDrone2019-DET-train/annotations/0000105_02539_d_0000072.txt	test
train	0000109_00228_d_0000061	/home/wangzhe/DroneP_VG/dataset/VisDroneSplit1000Guarded/VisDrone2019-DET-train/images/0000109_00228_d_0000061.jpg	/home/wangzhe/DroneP_VG/dataset/VisDroneSplit1000Guarded/VisDrone2019-DET-train/annotations/0000109_00228_d_0000061.txt	train
train	0000109_00606_d_0000062	/home/wangzhe/DroneP_VG/dataset/VisDroneSplit1000Guarded/VisDrone2019-DET-train/images/0000109_00606_d_0000062.jpg	/home/wangzhe/DroneP_VG/dataset/VisDroneSplit1000Guarded/VisDrone2019-DET-train/annotations/0000109_00606_d_0000062.txt	train
train	0000115_00796_d_0000081	/home/wangzhe/DroneP_VG/dataset/VisDroneSplit1000Guarded/VisDrone2019-DET-train/images/0000115_00796_d_0000081.jpg	/home/wangzhe/DroneP_VG/dataset/VisDroneSplit1000Guarded/VisDrone2019-DET-train/annotations/0000115_00796_d_0000081.txt	val
train	0000117_00112_d_0000087	/home/wangzhe/DroneP_VG/dataset/VisDroneSplit1000Guarded/VisDrone2019-DET-train/images/0000117_00112_d_0000087.jpg	/home/wangzhe/DroneP_VG/dataset/VisDroneSplit1000Guarded/VisDrone2019-DET-train/annotations/0000117_00112_d_0000087.txt	val
train	0000126_02076_d_0000125	/home/wangzhe/DroneP_VG/dataset/VisDroneSplit1000Guarded/VisDrone2019-DET-train/images/0000126_02076_d_0000125.jpg	/home/wangzhe/DroneP_VG/dataset/VisDroneSplit1000Guarded/VisDrone2019-DET-train/annotations/0000126_02076_d_0000125.txt	train
train	0000126_03402_d_0000128	/home/wangzhe/DroneP_VG/dataset/VisDroneSplit1000Guarded/VisDrone2019-DET-train/images/0000126_03402_d_0000128.jpg	/home/wangzhe/DroneP_VG/dataset/VisDroneSplit1000Guarded/VisDrone2019-DET-train/annotations/0000126_03402_d_0000128.txt	train
train	0000136_00900_d_0000156	/home/wangzhe/DroneP_VG/dataset/VisDroneSplit1000Guarded/VisDrone2019-DET-train/images/0000136_00900_d_0000156.jpg	/home/wangzhe/DroneP_VG/dataset/VisDroneSplit1000Guarded/VisDrone2019-DET-train/annotations/0000136_00900_d_0000156.txt	train
train	0000140_01877_d_0000003	/home/wangzhe/DroneP_VG/dataset/VisDroneSplit1000Guarded/VisDrone2019-DET-train/images/0000140_01877_d_0000003.jpg	/home/wangzhe/DroneP_VG/dataset/VisDroneSplit1000Guarded/VisDrone2019-DET-train/annotations/0000140_01877_d_0000003.txt	train
train	0000142_01458_d_0000030	/home/wangzhe/DroneP_VG/dataset/VisDroneSplit1000Guarded/VisDrone2019-DET-train/images/0000142_01458_d_0000030.jpg	/home/wangzhe/DroneP_VG/dataset/VisDroneSplit1000Guarded/VisDrone2019-DET-train/annotations/0000142_01458_d_0000030.txt	train
train	0000142_02458_d_0000035	/home/wangzhe/DroneP_VG/dataset/VisDroneSplit1000Guarded/VisDrone2019-DET-train/images/0000142_02458_d_0000035.jpg	/home/wangzhe/DroneP_VG/dataset/VisDroneSplit1000Guarded/VisDrone2019-DET-train/annotations/0000142_02458_d_0000035.txt	train
train	0000142_03058_d_0000038	/home/wangzhe/DroneP_VG/dataset/VisDroneSplit1000Guarded/VisDrone2019-DET-train/images/0000142_03058_d_0000038.jpg	/home/wangzhe/DroneP_VG/dataset/VisDroneSplit1000Guarded/VisDrone2019-DET-train/annotations/0000142_03058_d_0000038.txt	train
train	0000142_04858_d_0000047	/home/wangzhe/DroneP_VG/dataset/VisDroneSplit1000Guarded/VisDrone2019-DET-train/images/0000142_04858_d_0000047.jpg	/home/wangzhe/DroneP_VG/dataset/VisDroneSplit1000Guarded/VisDrone2019-DET-train/annotations/0000142_04858_d_0000047.txt	train
train	0000144_02801_d_0000001	/home/wangzhe/DroneP_VG/dataset/VisDroneSplit1000Guarded/VisDrone2019-DET-train/images/0000144_02801_d_0000001.jpg	/home/wangzhe/DroneP_VG/dataset/VisDroneSplit1000Guarded/VisDrone2019-DET-train/annotations/0000144_02801_d_0000001.txt	train
train	0000150_00630_d_0000070	/home/wangzhe/DroneP_VG/dataset/VisDroneSplit1000Guarded/VisDrone2019-DET-train/images/0000150_00630_d_0000070.jpg	/home/wangzhe/DroneP_VG/dataset/VisDroneSplit1000Guarded/VisDrone2019-DET-train/annotations/0000150_00630_d_0000070.txt	train
train	0000154_00801_d_0000001	/home/wangzhe/DroneP_VG/dataset/VisDroneSplit1000Guarded/VisDrone2019-DET-train/images/0000154_00801_d_0000001.jpg	/home/wangzhe/DroneP_VG/dataset/VisDroneSplit1000Guarded/VisDrone2019-DET-train/annotations/0000154_00801_d_0000001.txt	val
train	0000155_01201_d_0000001	/home/wangzhe/DroneP_VG/dataset/VisDroneSplit1000Guarded/VisDrone2019-DET-train/images/0000155_01201_d_0000001.jpg	/home/wangzhe/DroneP_VG/dataset/VisDroneSplit1000Guarded/VisDrone2019-DET-train/annotations/0000155_01201_d_0000001.txt	val
train	0000155_01601_d_0000001	/home/wangzhe/DroneP_VG/dataset/VisDroneSplit1000Guarded/VisDrone2019-DET-train/images/0000155_01601_d_0000001.jpg	/home/wangzhe/DroneP_VG/dataset/VisDroneSplit1000Guarded/VisDrone2019-DET-train/annotations/0000155_01601_d_0000001.txt	val
train	0000164_01840_d_0000165	/home/wangzhe/DroneP_VG/dataset/VisDroneSplit1000Guarded/VisDrone2019-DET-train/images/0000164_01840_d_0000165.jpg	/home/wangzhe/DroneP_VG/dataset/VisDroneSplit1000Guarded/VisDrone2019-DET-train/annotations/0000164_01840_d_0000165.txt	test
train	0000165_04925_d_0000108	/home/wangzhe/DroneP_VG/dataset/VisDroneSplit1000Guarded/VisDrone2019-DET-train/images/0000165_04925_d_0000108.jpg	/home/wangzhe/DroneP_VG/dataset/VisDroneSplit1000Guarded/VisDrone2019-DET-train/annotations/0000165_04925_d_0000108.txt	train
train	0000172_00401_d_0000001	/home/wangzhe/DroneP_VG/dataset/VisDroneSplit1000Guarded/VisDrone2019-DET-train/images/0000172_00401_d_0000001.jpg	/home/wangzhe/DroneP_VG/dataset/VisDroneSplit1000Guarded/VisDrone2019-DET-train/annotations/0000172_00401_d_0000001.txt	train
train	0000173_00801_d_0000001	/home/wangzhe/DroneP_VG/dataset/VisDroneSplit1000Guarded/VisDrone2019-DET-train/images/0000173_00801_d_0000001.jpg	/home/wangzhe/DroneP_VG/dataset/VisDroneSplit1000Guarded/VisDrone2019-DET-train/annotations/0000173_00801_d_0000001.txt	train
train	0000175_00801_d_0000001	/home/wangzhe/DroneP_VG/dataset/VisDroneSplit1000Guarded/VisDrone2019-DET-train/images/0000175_00801_d_0000001.jpg	/home/wangzhe/DroneP_VG/dataset/VisDroneSplit1000Guarded/VisDrone2019-DET-train/annotations/0000175_00801_d_0000001.txt	train
train	0000178_01102_d_0000012	/home/wangzhe/DroneP_VG/dataset/VisDroneSplit1000Guarded/VisDrone2019-DET-train/images/0000178_01102_d_0000012.jpg	/home/wangzhe/DroneP_VG/dataset/VisDroneSplit1000Guarded/VisDrone2019-DET-train/annotations/0000178_01102_d_0000012.txt	train
train	0000179_00301_d_0000015	/home/wangzhe/DroneP_VG/dataset/VisDroneSplit1000Guarded/VisDrone2019-DET-train/images/0000179_00301_d_0000015.jpg	/home/wangzhe/DroneP_VG/dataset/VisDroneSplit1000Guarded/VisDrone2019-DET-train/annotations/0000179_00301_d_0000015.txt	train
train	0000179_00743_d_0000018	/home/wangzhe/DroneP_VG/dataset/VisDroneSplit1000Guarded/VisDrone2019-DET-train/images/0000179_00743_d_0000018.jpg	/home/wangzhe/DroneP_VG/dataset/VisDroneSplit1000Guarded/VisDrone2019-DET-train/annotations/0000179_00743_d_0000018.txt	train
train	0000180_01213_d_0000025	/home/wangzhe/DroneP_VG/dataset/VisDroneSplit1000Guarded/VisDrone2019-DET-train/images/0000180_01213_d_0000025.jpg	/home/wangzhe/DroneP_VG/dataset/VisDroneSplit1000Guarded/VisDrone2019-DET-train/annotations/0000180_01213_d_0000025.txt	train
train	0000193_01497_d_0000111	/home/wangzhe/DroneP_VG/dataset/VisDroneSplit1000Guarded/VisDrone2019-DET-train/images/0000193_01497_d_0000111.jpg	/home/wangzhe/DroneP_VG/dataset/VisDroneSplit1000Guarded/VisDrone2019-DET-train/annotations/0000193_01497_d_0000111.txt	val
train	0000193_02212_d_0000115	/home/wangzhe/DroneP_VG/dataset/VisDroneSplit1000Guarded/VisDrone2019-DET-train/images/0000193_02212_d_0000115.jpg	/home/wangzhe/DroneP_VG/dataset/VisDroneSplit1000Guarded/VisDrone2019-DET-train/annotations/0000193_02212_d_0000115.txt	val
train	0000194_00200_d_0000120	/home/wangzhe/DroneP_VG/dataset/VisDroneSplit1000Guarded/VisDrone2019-DET-train/images/0000194_00200_d_0000120.jpg	/home/wangzhe/DroneP_VG/dataset/VisDroneSplit1000Guarded/VisDrone2019-DET-train/annotations/0000194_00200_d_0000120.txt	val
train	0000195_01256_d_0000132	/home/wangzhe/DroneP_VG/dataset/VisDroneSplit1000Guarded/VisDrone2019-DET-train/images/0000195_01256_d_0000132.jpg	/home/wangzhe/DroneP_VG/dataset/VisDroneSplit1000Guarded/VisDrone2019-DET-train/annotations/0000195_01256_d_0000132.txt	train
train	0000197_01211_d_0000149	/home/wangzhe/DroneP_VG/dataset/VisDroneSplit1000Guarded/VisDrone2019-DET-train/images/0000197_01211_d_0000149.jpg	/home/wangzhe/DroneP_VG/dataset/VisDroneSplit1000Guarded/VisDrone2019-DET-train/annotations/0000197_01211_d_0000149.txt	train
train	0000197_03351_d_0000154	/home/wangzhe/DroneP_VG/dataset/VisDroneSplit1000Guarded/VisDrone2019-DET-train/images/0000197_03351_d_0000154.jpg	/home/wangzhe/DroneP_VG/dataset/VisDroneSplit1000Guarded/VisDrone2019-DET-train/annotations/0000197_03351_d_0000154.txt	train
train	0000198_00709_d_0000157	/home/wangzhe/DroneP_VG/dataset/VisDroneSplit1000Guarded/VisDrone2019-DET-train/images/0000198_00709_d_0000157.jpg	/home/wangzhe/DroneP_VG/dataset/VisDroneSplit1000Guarded/VisDrone2019-DET-train/annotations/0000198_00709_d_0000157.txt	train
train	0000199_01607_d_0000167	/home/wangzhe/DroneP_VG/dataset/VisDroneSplit1000Guarded/VisDrone2019-DET-train/images/0000199_01607_d_0000167.jpg	/home/wangzhe/DroneP_VG/dataset/VisDroneSplit1000Guarded/VisDrone2019-DET-train/annotations/0000199_01607_d_0000167.txt	train
train	0000200_00297_d_0000169	/home/wangzhe/DroneP_VG/dataset/VisDroneSplit1000Guarded/VisDrone2019-DET-train/images/0000200_00297_d_0000169.jpg	/home/wangzhe/DroneP_VG/dataset/VisDroneSplit1000Guarded/VisDrone2019-DET-train/annotations/0000200_00297_d_0000169.txt	train
train	0000201_00626_d_0000174	/home/wangzhe/DroneP_VG/dataset/VisDroneSplit1000Guarded/VisDrone2019-DET-train/images/0000201_00626_d_0000174.jpg	/home/wangzhe/DroneP_VG/dataset/VisDroneSplit1000Guarded/VisDrone2019-DET-train/annotations/0000201_00626_d_0000174.txt	train
train	0000201_00818_d_0000175	/home/wangzhe/DroneP_VG/dataset/VisDroneSplit1000Guarded/VisDrone2019-DET-train/images/0000201_00818_d_0000175.jpg	/home/wangzhe/DroneP_VG/dataset/VisDroneSplit1000Guarded/VisDrone2019-DET-train/annotations/0000201_00818_d_0000175.txt	train
train	0000205_01275_d_0000199	/home/wangzhe/DroneP_VG/dataset/VisDroneSplit1000Guarded/VisDrone2019-DET-train/images/0000205_01275_d_0000199.jpg	/home/wangzhe/DroneP_VG/dataset/VisDroneSplit1000Guarded/VisDrone2019-DET-train/annotations/0000205_01275_d_0000199.txt	train
train	0000205_01665_d_0000200	/home/wangzhe/DroneP_VG/dataset/VisDroneSplit1000Guarded/VisDrone2019-DET-train/images/0000205_01665_d_0000200.jpg	/home/wangzhe/DroneP_VG/dataset/VisDroneSplit1000Guarded/VisDrone2019-DET-train/annotations/0000205_01665_d_0000200.txt	train
train	0000209_00609_d_0000221	/home/wangzhe/DroneP_VG/dataset/VisDroneSplit1000Guarded/VisDrone2019-DET-train/images/0000209_00609_d_0000221.jpg	/home/wangzhe/DroneP_VG/dataset/VisDroneSplit1000Guarded/VisDrone2019-DET-train/annotations/0000209_00609_d_0000221.txt	train
train	0000214_00410_d_0000249	/home/wangzhe/DroneP_VG/dataset/VisDroneSplit1000Guarded/VisDrone2019-DET-train/images/0000214_00410_d_0000249.jpg	/home/wangzhe/DroneP_VG/dataset/VisDroneSplit1000Guarded/VisDrone2019-DET-train/annotations/0000214_00410_d_0000249.txt	train
train	0000215_01869_d_0000260	/home/wangzhe/DroneP_VG/dataset/VisDroneSplit1000Guarded/VisDrone2019-DET-train/images/0000215_01869_d_0000260.jpg	/home/wangzhe/DroneP_VG/dataset/VisDroneSplit1000Guarded/VisDrone2019-DET-train/annotations/0000215_01869_d_0000260.txt	val
train	0000220_00001_d_0000001	/home/wangzhe/DroneP_VG/dataset/VisDroneSplit1000Guarded/VisDrone2019-DET-train/images/0000220_00001_d_0000001.jpg	/home/wangzhe/DroneP_VG/dataset/VisDroneSplit1000Guarded/VisDrone2019-DET-train/annotations/0000220_00001_d_0000001.txt	train
train	0000221_01292_d_0000004	/home/wangzhe/DroneP_VG/dataset/VisDroneSplit1000Guarded/VisDrone2019-DET-train/images/0000221_01292_d_0000004.jpg	/home/wangzhe/DroneP_VG/dataset/VisDroneSplit1000Guarded/VisDrone2019-DET-train/annotations/0000221_01292_d_0000004.txt	train
train	0000222_06100_d_0000019	/home/wangzhe/DroneP_VG/dataset/VisDroneSplit1000Guarded/VisDrone2019-DET-train/images/0000222_06100_d_0000019.jpg	/home/wangzhe/DroneP_VG/dataset/VisDroneSplit1000Guarded/VisDrone2019-DET-train/annotations/0000222_06100_d_0000019.txt	train
train	0000224_00001_d_0000001	/home/wangzhe/DroneP_VG/dataset/VisDroneSplit1000Guarded/VisDrone2019-DET-train/images/0000224_00001_d_0000001.jpg	/home/wangzhe/DroneP_VG/dataset/VisDroneSplit1000Guarded/VisDrone2019-DET-train/annotations/0000224_00001_d_0000001.txt	train
train	0000225_01555_d_0000005	/home/wangzhe/DroneP_VG/dataset/VisDroneSplit1000Guarded/VisDrone2019-DET-train/images/0000225_01555_d_0000005.jpg	/home/wangzhe/DroneP_VG/dataset/VisDroneSplit1000Guarded/VisDrone2019-DET-train/annotations/0000225_01555_d_0000005.txt	train
train	0000225_03052_d_0000011	/home/wangzhe/DroneP_VG/dataset/VisDroneSplit1000Guarded/VisDrone2019-DET-train/images/0000225_03052_d_0000011.jpg	/home/wangzhe/DroneP_VG/dataset/VisDroneSplit1000Guarded/VisDrone2019-DET-train/annotations/0000225_03052_d_0000011.txt	train
train	0000225_04522_d_0000015	/home/wangzhe/DroneP_VG/dataset/VisDroneSplit1000Guarded/VisDrone2019-DET-train/images/0000225_04522_d_0000015.jpg	/home/wangzhe/DroneP_VG/dataset/VisDroneSplit1000Guarded/VisDrone2019-DET-train/annotations/0000225_04522_d_0000015.txt	train
train	0000226_02644_d_0000009	/home/wangzhe/DroneP_VG/dataset/VisDroneSplit1000Guarded/VisDrone2019-DET-train/images/0000226_02644_d_0000009.jpg	/home/wangzhe/DroneP_VG/dataset/VisDroneSplit1000Guarded/VisDrone2019-DET-train/annotations/0000226_02644_d_0000009.txt	train
train	0000227_00001_d_0000001	/home/wangzhe/DroneP_VG/dataset/VisDroneSplit1000Guarded/VisDrone2019-DET-train/images/0000227_00001_d_0000001.jpg	/home/wangzhe/DroneP_VG/dataset/VisDroneSplit1000Guarded/VisDrone2019-DET-train/annotations/0000227_00001_d_0000001.txt	train
train	0000228_01419_d_0000004	/home/wangzhe/DroneP_VG/dataset/VisDroneSplit1000Guarded/VisDrone2019-DET-train/images/0000228_01419_d_0000004.jpg	/home/wangzhe/DroneP_VG/dataset/VisDroneSplit1000Guarded/VisDrone2019-DET-train/annotations/0000228_01419_d_0000004.txt	train
train	0000239_04052_d_0000012	/home/wangzhe/DroneP_VG/dataset/VisDroneSplit1000Guarded/VisDrone2019-DET-train/images/0000239_04052_d_0000012.jpg	/home/wangzhe/DroneP_VG/dataset/VisDroneSplit1000Guarded/VisDrone2019-DET-train/annotations/0000239_04052_d_0000012.txt	train
train	0000242_04116_d_0000013	/home/wangzhe/DroneP_VG/dataset/VisDroneSplit1000Guarded/VisDrone2019-DET-train/images/0000242_04116_d_0000013.jpg	/home/wangzhe/DroneP_VG/dataset/VisDroneSplit1000Guarded/VisDrone2019-DET-train/annotations/0000242_04116_d_0000013.txt	val
train	0000242_06452_d_0000018	/home/wangzhe/DroneP_VG/dataset/VisDroneSplit1000Guarded/VisDrone2019-DET-train/images/0000242_06452_d_0000018.jpg	/home/wangzhe/DroneP_VG/dataset/VisDroneSplit1000Guarded/VisDrone2019-DET-train/annotations/0000242_06452_d_0000018.txt	val
train	0000244_00001_d_0000001	/home/wangzhe/DroneP_VG/dataset/VisDroneSplit1000Guarded/VisDrone2019-DET-train/images/0000244_00001_d_0000001.jpg	/home/wangzhe/DroneP_VG/dataset/VisDroneSplit1000Guarded/VisDrone2019-DET-train/annotations/0000244_00001_d_0000001.txt	val
train	0000247_00002_d_0000001	/home/wangzhe/DroneP_VG/dataset/VisDroneSplit1000Guarded/VisDrone2019-DET-train/images/0000247_00002_d_0000001.jpg	/home/wangzhe/DroneP_VG/dataset/VisDroneSplit1000Guarded/VisDrone2019-DET-train/annotations/0000247_00002_d_0000001.txt	train
train	0000259_01000_d_0000003	/home/wangzhe/DroneP_VG/dataset/VisDroneSplit1000Guarded/VisDrone2019-DET-train/images/0000259_01000_d_0000003.jpg	/home/wangzhe/DroneP_VG/dataset/VisDroneSplit1000Guarded/VisDrone2019-DET-train/annotations/0000259_01000_d_0000003.txt	visdrone_test_100
train	0000259_03500_d_0000008	/home/wangzhe/DroneP_VG/dataset/VisDroneSplit1000Guarded/VisDrone2019-DET-train/images/0000259_03500_d_0000008.jpg	/home/wangzhe/DroneP_VG/dataset/VisDroneSplit1000Guarded/VisDrone2019-DET-train/annotations/0000259_03500_d_0000008.txt	visdrone_test_100
train	0000261_02001_d_0000126	/home/wangzhe/DroneP_VG/dataset/VisDroneSplit1000Guarded/VisDrone2019-DET-train/images/0000261_02001_d_0000126.jpg	/home/wangzhe/DroneP_VG/dataset/VisDroneSplit1000Guarded/VisDrone2019-DET-train/annotations/0000261_02001_d_0000126.txt	train
train	0000261_03701_d_0000133	/home/wangzhe/DroneP_VG/dataset/VisDroneSplit1000Guarded/VisDrone2019-DET-train/images/0000261_03701_d_0000133.jpg	/home/wangzhe/DroneP_VG/dataset/VisDroneSplit1000Guarded/VisDrone2019-DET-train/annotations/0000261_03701_d_0000133.txt	train
train	0000261_04801_d_0000136	/home/wangzhe/DroneP_VG/dataset/VisDroneSplit1000Guarded/VisDrone2019-DET-train/images/0000261_04801_d_0000136.jpg	/home/wangzhe/DroneP_VG/dataset/VisDroneSplit1000Guarded/VisDrone2019-DET-train/annotations/0000261_04801_d_0000136.txt	train
train	0000261_05501_d_0000139	/home/wangzhe/DroneP_VG/dataset/VisDroneSplit1000Guarded/VisDrone2019-DET-train/images/0000261_05501_d_0000139.jpg	/home/wangzhe/DroneP_VG/dataset/VisDroneSplit1000Guarded/VisDrone2019-DET-train/annotations/0000261_05501_d_0000139.txt	train
train	0000263_00001_d_0000173	/home/wangzhe/DroneP_VG/dataset/VisDroneSplit1000Guarded/VisDrone2019-DET-train/images/0000263_00001_d_0000173.jpg	/home/wangzhe/DroneP_VG/dataset/VisDroneSplit1000Guarded/VisDrone2019-DET-train/annotations/0000263_00001_d_0000173.txt	train
train	0000263_04401_d_0000189	/home/wangzhe/DroneP_VG/dataset/VisDroneSplit1000Guarded/VisDrone2019-DET-train/images/0000263_04401_d_0000189.jpg	/home/wangzhe/DroneP_VG/dataset/VisDroneSplit1000Guarded/VisDrone2019-DET-train/annotations/0000263_04401_d_0000189.txt	train
train	0000264_00401_d_0000196	/home/wangzhe/DroneP_VG/dataset/VisDroneSplit1000Guarded/VisDrone2019-DET-train/images/0000264_00401_d_0000196.jpg	/home/wangzhe/DroneP_VG/dataset/VisDroneSplit1000Guarded/VisDrone2019-DET-train/annotations/0000264_00401_d_0000196.txt	train
train	0000265_03000_d_0000007	/home/wangzhe/DroneP_VG/dataset/VisDroneSplit1000Guarded/VisDrone2019-DET-train/images/0000265_03000_d_0000007.jpg	/home/wangzhe/DroneP_VG/dataset/VisDroneSplit1000Guarded/VisDrone2019-DET-train/annotations/0000265_03000_d_0000007.txt	test
train	0000265_05000_d_0000011	/home/wangzhe/DroneP_VG/dataset/VisDroneSplit1000Guarded/VisDrone2019-DET-train/images/0000265_05000_d_0000011.jpg	/home/wangzhe/DroneP_VG/dataset/VisDroneSplit1000Guarded/VisDrone2019-DET-train/annotations/0000265_05000_d_0000011.txt	test
train	0000270_03801_d_0000372	/home/wangzhe/DroneP_VG/dataset/VisDroneSplit1000Guarded/VisDrone2019-DET-train/images/0000270_03801_d_0000372.jpg	/home/wangzhe/DroneP_VG/dataset/VisDroneSplit1000Guarded/VisDrone2019-DET-train/annotations/0000270_03801_d_0000372.txt	train
train	0000271_05001_d_0000397	/home/wangzhe/DroneP_VG/dataset/VisDroneSplit1000Guarded/VisDrone2019-DET-train/images/0000271_05001_d_0000397.jpg	/home/wangzhe/DroneP_VG/dataset/VisDroneSplit1000Guarded/VisDrone2019-DET-train/annotations/0000271_05001_d_0000397.txt	val
train	0000271_06401_d_0000404	/home/wangzhe/DroneP_VG/dataset/VisDroneSplit1000Guarded/VisDrone2019-DET-train/images/0000271_06401_d_0000404.jpg	/home/wangzhe/DroneP_VG/dataset/VisDroneSplit1000Guarded/VisDrone2019-DET-train/annotations/0000271_06401_d_0000404.txt	val
train	0000271_06801_d_0000406	/home/wangzhe/DroneP_VG/dataset/VisDroneSplit1000Guarded/VisDrone2019-DET-train/images/0000271_06801_d_0000406.jpg	/home/wangzhe/DroneP_VG/dataset/VisDroneSplit1000Guarded/VisDrone2019-DET-train/annotations/0000271_06801_d_0000406.txt	val
train	0000272_04000_d_0000009	/home/wangzhe/DroneP_VG/dataset/VisDroneSplit1000Guarded/VisDrone2019-DET-train/images/0000272_04000_d_0000009.jpg	/home/wangzhe/DroneP_VG/dataset/VisDroneSplit1000Guarded/VisDrone2019-DET-train/annotations/0000272_04000_d_0000009.txt	visdrone_test_100
train	0000272_05000_d_0000011	/home/wangzhe/DroneP_VG/dataset/VisDroneSplit1000Guarded/VisDrone2019-DET-train/images/0000272_05000_d_0000011.jpg	/home/wangzhe/DroneP_VG/dataset/VisDroneSplit1000Guarded/VisDrone2019-DET-train/annotations/0000272_05000_d_0000011.txt	visdrone_test_100
train	0000276_01401_d_0000514	/home/wangzhe/DroneP_VG/dataset/VisDroneSplit1000Guarded/VisDrone2019-DET-train/images/0000276_01401_d_0000514.jpg	/home/wangzhe/DroneP_VG/dataset/VisDroneSplit1000Guarded/VisDrone2019-DET-train/annotations/0000276_01401_d_0000514.txt	val
train	0000276_04601_d_0000530	/home/wangzhe/DroneP_VG/dataset/VisDroneSplit1000Guarded/VisDrone2019-DET-train/images/0000276_04601_d_0000530.jpg	/home/wangzhe/DroneP_VG/dataset/VisDroneSplit1000Guarded/VisDrone2019-DET-train/annotations/0000276_04601_d_0000530.txt	val
train	0000277_04201_d_0000559	/home/wangzhe/DroneP_VG/dataset/VisDroneSplit1000Guarded/VisDrone2019-DET-train/images/0000277_04201_d_0000559.jpg	/home/wangzhe/DroneP_VG/dataset/VisDroneSplit1000Guarded/VisDrone2019-DET-train/annotations/0000277_04201_d_0000559.txt	val
train	0000277_04401_d_0000560	/home/wangzhe/DroneP_VG/dataset/VisDroneSplit1000Guarded/VisDrone2019-DET-train/images/0000277_04401_d_0000560.jpg	/home/wangzhe/DroneP_VG/dataset/VisDroneSplit1000Guarded/VisDrone2019-DET-train/annotations/0000277_04401_d_0000560.txt	val
train	0000277_05001_d_0000562	/home/wangzhe/DroneP_VG/dataset/VisDroneSplit1000Guarded/VisDrone2019-DET-train/images/0000277_05001_d_0000562.jpg	/home/wangzhe/DroneP_VG/dataset/VisDroneSplit1000Guarded/VisDrone2019-DET-train/annotations/0000277_05001_d_0000562.txt	val
train	0000287_01001_d_0000764	/home/wangzhe/DroneP_VG/dataset/VisDroneSplit1000Guarded/VisDrone2019-DET-train/images/0000287_01001_d_0000764.jpg	/home/wangzhe/DroneP_VG/dataset/VisDroneSplit1000Guarded/VisDrone2019-DET-train/annotations/0000287_01001_d_0000764.txt	val
train	0000287_03401_d_0000776	/home/wangzhe/DroneP_VG/dataset/VisDroneSplit1000Guarded/VisDrone2019-DET-train/images/0000287_03401_d_0000776.jpg	/home/wangzhe/DroneP_VG/dataset/VisDroneSplit1000Guarded/VisDrone2019-DET-train/annotations/0000287_03401_d_0000776.txt	val
train	0000287_04601_d_0000780	/home/wangzhe/DroneP_VG/dataset/VisDroneSplit1000Guarded/VisDrone2019-DET-train/images/0000287_04601_d_0000780.jpg	/home/wangzhe/DroneP_VG/dataset/VisDroneSplit1000Guarded/VisDrone2019-DET-train/annotations/0000287_04601_d_0000780.txt	val
train	0000288_02001_d_0000794	/home/wangzhe/DroneP_VG/dataset/VisDroneSplit1000Guarded/VisDrone2019-DET-train/images/0000288_02001_d_0000794.jpg	/home/wangzhe/DroneP_VG/dataset/VisDroneSplit1000Guarded/VisDrone2019-DET-train/annotations/0000288_02001_d_0000794.txt	train
train	0000288_03801_d_0000803	/home/wangzhe/DroneP_VG/dataset/VisDroneSplit1000Guarded/VisDrone2019-DET-train/images/0000288_03801_d_0000803.jpg	/home/wangzhe/DroneP_VG/dataset/VisDroneSplit1000Guarded/VisDrone2019-DET-train/annotations/0000288_03801_d_0000803.txt	train
train	0000289_01001_d_0000816	/home/wangzhe/DroneP_VG/dataset/VisDroneSplit1000Guarded/VisDrone2019-DET-train/images/0000289_01001_d_0000816.jpg	/home/wangzhe/DroneP_VG/dataset/VisDroneSplit1000Guarded/VisDrone2019-DET-train/annotations/0000289_01001_d_0000816.txt	val
train	0000289_01201_d_0000817	/home/wangzhe/DroneP_VG/dataset/VisDroneSplit1000Guarded/VisDrone2019-DET-train/images/0000289_01201_d_0000817.jpg	/home/wangzhe/DroneP_VG/dataset/VisDroneSplit1000Guarded/VisDrone2019-DET-train/annotations/0000289_01201_d_0000817.txt	val
train	0000289_02401_d_0000823	/home/wangzhe/DroneP_VG/dataset/VisDroneSplit1000Guarded/VisDrone2019-DET-train/images/0000289_02401_d_0000823.jpg	/home/wangzhe/DroneP_VG/dataset/VisDroneSplit1000Guarded/VisDrone2019-DET-train/annotations/0000289_02401_d_0000823.txt	val
train	0000289_03401_d_0000828	/home/wangzhe/DroneP_VG/dataset/VisDroneSplit1000Guarded/VisDrone2019-DET-train/images/0000289_03401_d_0000828.jpg	/home/wangzhe/DroneP_VG/dataset/VisDroneSplit1000Guarded/VisDrone2019-DET-train/annotations/0000289_03401_d_0000828.txt	val
train	0000289_05201_d_0000837	/home/wangzhe/DroneP_VG/dataset/VisDroneSplit1000Guarded/VisDrone2019-DET-train/images/0000289_05201_d_0000837.jpg	/home/wangzhe/DroneP_VG/dataset/VisDroneSplit1000Guarded/VisDrone2019-DET-train/annotations/0000289_05201_d_0000837.txt	val
train	0000289_07001_d_0000846	/home/wangzhe/DroneP_VG/dataset/VisDroneSplit1000Guarded/VisDrone2019-DET-train/images/0000289_07001_d_0000846.jpg	/home/wangzhe/DroneP_VG/dataset/VisDroneSplit1000Guarded/VisDrone2019-DET-train/annotations/0000289_07001_d_0000846.txt	val
train	0000290_00201_d_0000849	/home/wangzhe/DroneP_VG/dataset/VisDroneSplit1000Guarded/VisDrone2019-DET-train/images/0000290_00201_d_0000849.jpg	/home/wangzhe/DroneP_VG/dataset/VisDroneSplit1000Guarded/VisDrone2019-DET-train/annotations/0000290_00201_d_0000849.txt	train
train	0000291_05001_d_0000892	/home/wangzhe/DroneP_VG/dataset/VisDroneSplit1000Guarded/VisDrone2019-DET-train/images/0000291_05001_d_0000892.jpg	/home/wangzhe/DroneP_VG/dataset/VisDroneSplit1000Guarded/VisDrone2019-DET-train/annotations/0000291_05001_d_0000892.txt	val
train	0000295_01800_d_0000030	/home/wangzhe/DroneP_VG/dataset/VisDroneSplit1000Guarded/VisDrone2019-DET-train/images/0000295_01800_d_0000030.jpg	/home/wangzhe/DroneP_VG/dataset/VisDroneSplit1000Guarded/VisDrone2019-DET-train/annotations/0000295_01800_d_0000030.txt	val
train	0000299_02500_d_0000102	/home/wangzhe/DroneP_VG/dataset/VisDroneSplit1000Guarded/VisDrone2019-DET-train/images/0000299_02500_d_0000102.jpg	/home/wangzhe/DroneP_VG/dataset/VisDroneSplit1000Guarded/VisDrone2019-DET-train/annotations/0000299_02500_d_0000102.txt	test
train	0000300_01201_d_0000144	/home/wangzhe/DroneP_VG/dataset/VisDroneSplit1000Guarded/VisDrone2019-DET-train/images/0000300_01201_d_0000144.jpg	/home/wangzhe/DroneP_VG/dataset/VisDroneSplit1000Guarded/VisDrone2019-DET-train/annotations/0000300_01201_d_0000144.txt	train
train	0000307_06801_d_0000302	/home/wangzhe/DroneP_VG/dataset/VisDroneSplit1000Guarded/VisDrone2019-DET-train/images/0000307_06801_d_0000302.jpg	/home/wangzhe/DroneP_VG/dataset/VisDroneSplit1000Guarded/VisDrone2019-DET-train/annotations/0000307_06801_d_0000302.txt	train
train	0000308_01801_d_0000314	/home/wangzhe/DroneP_VG/dataset/VisDroneSplit1000Guarded/VisDrone2019-DET-train/images/0000308_01801_d_0000314.jpg	/home/wangzhe/DroneP_VG/dataset/VisDroneSplit1000Guarded/VisDrone2019-DET-train/annotations/0000308_01801_d_0000314.txt	train
train	0000308_05201_d_0000331	/home/wangzhe/DroneP_VG/dataset/VisDroneSplit1000Guarded/VisDrone2019-DET-train/images/0000308_05201_d_0000331.jpg	/home/wangzhe/DroneP_VG/dataset/VisDroneSplit1000Guarded/VisDrone2019-DET-train/annotations/0000308_05201_d_0000331.txt	train
train	0000309_02201_d_0000344	/home/wangzhe/DroneP_VG/dataset/VisDroneSplit1000Guarded/VisDrone2019-DET-train/images/0000309_02201_d_0000344.jpg	/home/wangzhe/DroneP_VG/dataset/VisDroneSplit1000Guarded/VisDrone2019-DET-train/annotations/0000309_02201_d_0000344.txt	train
train	0000309_02801_d_0000347	/home/wangzhe/DroneP_VG/dataset/VisDroneSplit1000Guarded/VisDrone2019-DET-train/images/0000309_02801_d_0000347.jpg	/home/wangzhe/DroneP_VG/dataset/VisDroneSplit1000Guarded/VisDrone2019-DET-train/annotations/0000309_02801_d_0000347.txt	train
train	0000309_03401_d_0000350	/home/wangzhe/DroneP_VG/dataset/VisDroneSplit1000Guarded/VisDrone2019-DET-train/images/0000309_03401_d_0000350.jpg	/home/wangzhe/DroneP_VG/dataset/VisDroneSplit1000Guarded/VisDrone2019-DET-train/annotations/0000309_03401_d_0000350.txt	train
train	0000313_00201_d_0000437	/home/wangzhe/DroneP_VG/dataset/VisDroneSplit1000Guarded/VisDrone2019-DET-train/images/0000313_00201_d_0000437.jpg	/home/wangzhe/DroneP_VG/dataset/VisDroneSplit1000Guarded/VisDrone2019-DET-train/annotations/0000313_00201_d_0000437.txt	train
train	0000313_06801_d_0000470	/home/wangzhe/DroneP_VG/dataset/VisDroneSplit1000Guarded/VisDrone2019-DET-train/images/0000313_06801_d_0000470.jpg	/home/wangzhe/DroneP_VG/dataset/VisDroneSplit1000Guarded/VisDrone2019-DET-train/annotations/0000313_06801_d_0000470.txt	train
train	0000314_00000_d_0000142	/home/wangzhe/DroneP_VG/dataset/VisDroneSplit1000Guarded/VisDrone2019-DET-train/images/0000314_00000_d_0000142.jpg	/home/wangzhe/DroneP_VG/dataset/VisDroneSplit1000Guarded/VisDrone2019-DET-train/annotations/0000314_00000_d_0000142.txt	visdrone_test_100
train	0000315_00401_d_0000503	/home/wangzhe/DroneP_VG/dataset/VisDroneSplit1000Guarded/VisDrone2019-DET-train/images/0000315_00401_d_0000503.jpg	/home/wangzhe/DroneP_VG/dataset/VisDroneSplit1000Guarded/VisDrone2019-DET-train/annotations/0000315_00401_d_0000503.txt	train
train	0000315_02201_d_0000512	/home/wangzhe/DroneP_VG/dataset/VisDroneSplit1000Guarded/VisDrone2019-DET-train/images/0000315_02201_d_0000512.jpg	/home/wangzhe/DroneP_VG/dataset/VisDroneSplit1000Guarded/VisDrone2019-DET-train/annotations/0000315_02201_d_0000512.txt	train
train	0000315_03001_d_0000516	/home/wangzhe/DroneP_VG/dataset/VisDroneSplit1000Guarded/VisDrone2019-DET-train/images/0000315_03001_d_0000516.jpg	/home/wangzhe/DroneP_VG/dataset/VisDroneSplit1000Guarded/VisDrone2019-DET-train/annotations/0000315_03001_d_0000516.txt	train
train	0000316_01401_d_0000526	/home/wangzhe/DroneP_VG/dataset/VisDroneSplit1000Guarded/VisDrone2019-DET-train/images/0000316_01401_d_0000526.jpg	/home/wangzhe/DroneP_VG/dataset/VisDroneSplit1000Guarded/VisDrone2019-DET-train/annotations/0000316_01401_d_0000526.txt	val
train	0000316_01801_d_0000528	/home/wangzhe/DroneP_VG/dataset/VisDroneSplit1000Guarded/VisDrone2019-DET-train/images/0000316_01801_d_0000528.jpg	/home/wangzhe/DroneP_VG/dataset/VisDroneSplit1000Guarded/VisDrone2019-DET-train/annotations/0000316_01801_d_0000528.txt	val
train	0000318_03201_d_0000570	/home/wangzhe/DroneP_VG/dataset/VisDroneSplit1000Guarded/VisDrone2019-DET-train/images/0000318_03201_d_0000570.jpg	/home/wangzhe/DroneP_VG/dataset/VisDroneSplit1000Guarded/VisDrone2019-DET-train/annotations/0000318_03201_d_0000570.txt	train
train	0000320_01050_d_0000009	/home/wangzhe/DroneP_VG/dataset/VisDroneSplit1000Guarded/VisDrone2019-DET-train/images/0000320_01050_d_0000009.jpg	/home/wangzhe/DroneP_VG/dataset/VisDroneSplit1000Guarded/VisDrone2019-DET-train/annotations/0000320_01050_d_0000009.txt	test
train	0000321_00000_d_0000015	/home/wangzhe/DroneP_VG/dataset/VisDroneSplit1000Guarded/VisDrone2019-DET-train/images/0000321_00000_d_0000015.jpg	/home/wangzhe/DroneP_VG/dataset/VisDroneSplit1000Guarded/VisDrone2019-DET-train/annotations/0000321_00000_d_0000015.txt	visdrone_test_100
train	0000327_01401_d_0000718	/home/wangzhe/DroneP_VG/dataset/VisDroneSplit1000Guarded/VisDrone2019-DET-train/images/0000327_01401_d_0000718.jpg	/home/wangzhe/DroneP_VG/dataset/VisDroneSplit1000Guarded/VisDrone2019-DET-train/annotations/0000327_01401_d_0000718.txt	val
train	0000328_00300_d_0000020	/home/wangzhe/DroneP_VG/dataset/VisDroneSplit1000Guarded/VisDrone2019-DET-train/images/0000328_00300_d_0000020.jpg	/home/wangzhe/DroneP_VG/dataset/VisDroneSplit1000Guarded/VisDrone2019-DET-train/annotations/0000328_00300_d_0000020.txt	visdrone_test_100
train	0000329_02001_d_0000775	/home/wangzhe/DroneP_VG/dataset/VisDroneSplit1000Guarded/VisDrone2019-DET-train/images/0000329_02001_d_0000775.jpg	/home/wangzhe/DroneP_VG/dataset/VisDroneSplit1000Guarded/VisDrone2019-DET-train/annotations/0000329_02001_d_0000775.txt	train
train	0000329_06001_d_0000795	/home/wangzhe/DroneP_VG/dataset/VisDroneSplit1000Guarded/VisDrone2019-DET-train/images/0000329_06001_d_0000795.jpg	/home/wangzhe/DroneP_VG/dataset/VisDroneSplit1000Guarded/VisDrone2019-DET-train/annotations/0000329_06001_d_0000795.txt	train
train	0000330_01801_d_0000809	/home/wangzhe/DroneP_VG/dataset/VisDroneSplit1000Guarded/VisDrone2019-DET-train/images/0000330_01801_d_0000809.jpg	/home/wangzhe/DroneP_VG/dataset/VisDroneSplit1000Guarded/VisDrone2019-DET-train/annotations/0000330_01801_d_0000809.txt	val
train	0000331_02801_d_0000855	/home/wangzhe/DroneP_VG/dataset/VisDroneSplit1000Guarded/VisDrone2019-DET-train/images/0000331_02801_d_0000855.jpg	/home/wangzhe/DroneP_VG/dataset/VisDroneSplit1000Guarded/VisDrone2019-DET-train/annotations/0000331_02801_d_0000855.txt	train
train	0000334_02549_d_0000034	/home/wangzhe/DroneP_VG/dataset/VisDroneSplit1000Guarded/VisDrone2019-DET-train/images/0000334_02549_d_0000034.jpg	/home/wangzhe/DroneP_VG/dataset/VisDroneSplit1000Guarded/VisDrone2019-DET-train/annotations/0000334_02549_d_0000034.txt	train
train	0000335_00981_d_0000048	/home/wangzhe/DroneP_VG/dataset/VisDroneSplit1000Guarded/VisDrone2019-DET-train/images/0000335_00981_d_0000048.jpg	/home/wangzhe/DroneP_VG/dataset/VisDroneSplit1000Guarded/VisDrone2019-DET-train/annotations/0000335_00981_d_0000048.txt	val
train	0000337_03000_d_0000042	/home/wangzhe/DroneP_VG/dataset/VisDroneSplit1000Guarded/VisDrone2019-DET-train/images/0000337_03000_d_0000042.jpg	/home/wangzhe/DroneP_VG/dataset/VisDroneSplit1000Guarded/VisDrone2019-DET-train/annotations/0000337_03000_d_0000042.txt	test
train	0000339_01961_d_0000171	/home/wangzhe/DroneP_VG/dataset/VisDroneSplit1000Guarded/VisDrone2019-DET-train/images/0000339_01961_d_0000171.jpg	/home/wangzhe/DroneP_VG/dataset/VisDroneSplit1000Guarded/VisDrone2019-DET-train/annotations/0000339_01961_d_0000171.txt	train
train	0000339_02549_d_0000174	/home/wangzhe/DroneP_VG/dataset/VisDroneSplit1000Guarded/VisDrone2019-DET-train/images/0000339_02549_d_0000174.jpg	/home/wangzhe/DroneP_VG/dataset/VisDroneSplit1000Guarded/VisDrone2019-DET-train/annotations/0000339_02549_d_0000174.txt	train
train	0000344_01177_d_0000299	/home/wangzhe/DroneP_VG/dataset/VisDroneSplit1000Guarded/VisDrone2019-DET-train/images/0000344_01177_d_0000299.jpg	/home/wangzhe/DroneP_VG/dataset/VisDroneSplit1000Guarded/VisDrone2019-DET-train/annotations/0000344_01177_d_0000299.txt	train
train	0000345_02745_d_0000323	/home/wangzhe/DroneP_VG/dataset/VisDroneSplit1000Guarded/VisDrone2019-DET-train/images/0000345_02745_d_0000323.jpg	/home/wangzhe/DroneP_VG/dataset/VisDroneSplit1000Guarded/VisDrone2019-DET-train/annotations/0000345_02745_d_0000323.txt	train
train	0000345_07057_d_0000345	/home/wangzhe/DroneP_VG/dataset/VisDroneSplit1000Guarded/VisDrone2019-DET-train/images/0000345_07057_d_0000345.jpg	/home/wangzhe/DroneP_VG/dataset/VisDroneSplit1000Guarded/VisDrone2019-DET-train/annotations/0000345_07057_d_0000345.txt	val
train	0000348_01765_d_0000415	/home/wangzhe/DroneP_VG/dataset/VisDroneSplit1000Guarded/VisDrone2019-DET-train/images/0000348_01765_d_0000415.jpg	/home/wangzhe/DroneP_VG/dataset/VisDroneSplit1000Guarded/VisDrone2019-DET-train/annotations/0000348_01765_d_0000415.txt	train
train	0000348_02941_d_0000421	/home/wangzhe/DroneP_VG/dataset/VisDroneSplit1000Guarded/VisDrone2019-DET-train/images/0000348_02941_d_0000421.jpg	/home/wangzhe/DroneP_VG/dataset/VisDroneSplit1000Guarded/VisDrone2019-DET-train/annotations/0000348_02941_d_0000421.txt	train
train	0000349_05489_d_0000468	/home/wangzhe/DroneP_VG/dataset/VisDroneSplit1000Guarded/VisDrone2019-DET-train/images/0000349_05489_d_0000468.jpg	/home/wangzhe/DroneP_VG/dataset/VisDroneSplit1000Guarded/VisDrone2019-DET-train/annotations/0000349_05489_d_0000468.txt	train
train	0000352_00197_d_0000540	/home/wangzhe/DroneP_VG/dataset/VisDroneSplit1000Guarded/VisDrone2019-DET-train/images/0000352_00197_d_0000540.jpg	/home/wangzhe/DroneP_VG/dataset/VisDroneSplit1000Guarded/VisDrone2019-DET-train/annotations/0000352_00197_d_0000540.txt	train
train	0000352_02353_d_0000551	/home/wangzhe/DroneP_VG/dataset/VisDroneSplit1000Guarded/VisDrone2019-DET-train/images/0000352_02353_d_0000551.jpg	/home/wangzhe/DroneP_VG/dataset/VisDroneSplit1000Guarded/VisDrone2019-DET-train/annotations/0000352_02353_d_0000551.txt	train
train	0000352_04117_d_0000560	/home/wangzhe/DroneP_VG/dataset/VisDroneSplit1000Guarded/VisDrone2019-DET-train/images/0000352_04117_d_0000560.jpg	/home/wangzhe/DroneP_VG/dataset/VisDroneSplit1000Guarded/VisDrone2019-DET-train/annotations/0000352_04117_d_0000560.txt	train
train	0000352_06665_d_0000573	/home/wangzhe/DroneP_VG/dataset/VisDroneSplit1000Guarded/VisDrone2019-DET-train/images/0000352_06665_d_0000573.jpg	/home/wangzhe/DroneP_VG/dataset/VisDroneSplit1000Guarded/VisDrone2019-DET-train/annotations/0000352_06665_d_0000573.txt	train
train	0000353_01500_d_0000191	/home/wangzhe/DroneP_VG/dataset/VisDroneSplit1000Guarded/VisDrone2019-DET-train/images/0000353_01500_d_0000191.jpg	/home/wangzhe/DroneP_VG/dataset/VisDroneSplit1000Guarded/VisDrone2019-DET-train/annotations/0000353_01500_d_0000191.txt	test
train	0000353_05500_d_0000199	/home/wangzhe/DroneP_VG/dataset/VisDroneSplit1000Guarded/VisDrone2019-DET-train/images/0000353_05500_d_0000199.jpg	/home/wangzhe/DroneP_VG/dataset/VisDroneSplit1000Guarded/VisDrone2019-DET-train/annotations/0000353_05500_d_0000199.txt	test
train	0000355_01000_d_0000208	/home/wangzhe/DroneP_VG/dataset/VisDroneSplit1000Guarded/VisDrone2019-DET-train/images/0000355_01000_d_0000208.jpg	/home/wangzhe/DroneP_VG/dataset/VisDroneSplit1000Guarded/VisDrone2019-DET-train/annotations/0000355_01000_d_0000208.txt	test
train	0000356_01765_d_0000638	/home/wangzhe/DroneP_VG/dataset/VisDroneSplit1000Guarded/VisDrone2019-DET-train/images/0000356_01765_d_0000638.jpg	/home/wangzhe/DroneP_VG/dataset/VisDroneSplit1000Guarded/VisDrone2019-DET-train/annotations/0000356_01765_d_0000638.txt	val
train	0000359_00589_d_0000702	/home/wangzhe/DroneP_VG/dataset/VisDroneSplit1000Guarded/VisDrone2019-DET-train/images/0000359_00589_d_0000702.jpg	/home/wangzhe/DroneP_VG/dataset/VisDroneSplit1000Guarded/VisDrone2019-DET-train/annotations/0000359_00589_d_0000702.txt	val
train	0000360_03529_d_0000731	/home/wangzhe/DroneP_VG/dataset/VisDroneSplit1000Guarded/VisDrone2019-DET-train/images/0000360_03529_d_0000731.jpg	/home/wangzhe/DroneP_VG/dataset/VisDroneSplit1000Guarded/VisDrone2019-DET-train/annotations/0000360_03529_d_0000731.txt	val
train	0000360_04117_d_0000734	/home/wangzhe/DroneP_VG/dataset/VisDroneSplit1000Guarded/VisDrone2019-DET-train/images/0000360_04117_d_0000734.jpg	/home/wangzhe/DroneP_VG/dataset/VisDroneSplit1000Guarded/VisDrone2019-DET-train/annotations/0000360_04117_d_0000734.txt	val
train	0000363_03529_d_0000797	/home/wangzhe/DroneP_VG/dataset/VisDroneSplit1000Guarded/VisDrone2019-DET-train/images/0000363_03529_d_0000797.jpg	/home/wangzhe/DroneP_VG/dataset/VisDroneSplit1000Guarded/VisDrone2019-DET-train/annotations/0000363_03529_d_0000797.txt	train
train	0000364_01373_d_0000780	/home/wangzhe/DroneP_VG/dataset/VisDroneSplit1000Guarded/VisDrone2019-DET-train/images/0000364_01373_d_0000780.jpg	/home/wangzhe/DroneP_VG/dataset/VisDroneSplit1000Guarded/VisDrone2019-DET-train/annotations/0000364_01373_d_0000780.txt	val
train	0000366_05881_d_0000806	/home/wangzhe/DroneP_VG/dataset/VisDroneSplit1000Guarded/VisDrone2019-DET-train/images/0000366_05881_d_0000806.jpg	/home/wangzhe/DroneP_VG/dataset/VisDroneSplit1000Guarded/VisDrone2019-DET-train/annotations/0000366_05881_d_0000806.txt	train
train	9999937_00000_d_0000003	/home/wangzhe/DroneP_VG/dataset/VisDroneSplit1000Guarded/VisDrone2019-DET-train/images/9999937_00000_d_0000003.jpg	/home/wangzhe/DroneP_VG/dataset/VisDroneSplit1000Guarded/VisDrone2019-DET-train/annotations/9999937_00000_d_0000003.txt	train
train	9999937_00000_d_0000008	/home/wangzhe/DroneP_VG/dataset/VisDroneSplit1000Guarded/VisDrone2019-DET-train/images/9999937_00000_d_0000008.jpg	/home/wangzhe/DroneP_VG/dataset/VisDroneSplit1000Guarded/VisDrone2019-DET-train/annotations/9999937_00000_d_0000008.txt	train
train	9999937_00000_d_0000018	/home/wangzhe/DroneP_VG/dataset/VisDroneSplit1000Guarded/VisDrone2019-DET-train/images/9999937_00000_d_0000018.jpg	/home/wangzhe/DroneP_VG/dataset/VisDroneSplit1000Guarded/VisDrone2019-DET-train/annotations/9999937_00000_d_0000018.txt	train
train	9999937_00000_d_0000030	/home/wangzhe/DroneP_VG/dataset/VisDroneSplit1000Guarded/VisDrone2019-DET-train/images/9999937_00000_d_0000030.jpg	/home/wangzhe/DroneP_VG/dataset/VisDroneSplit1000Guarded/VisDrone2019-DET-train/annotations/9999937_00000_d_0000030.txt	train
train	9999937_00000_d_0000032	/home/wangzhe/DroneP_VG/dataset/VisDroneSplit1000Guarded/VisDrone2019-DET-train/images/9999937_00000_d_0000032.jpg	/home/wangzhe/DroneP_VG/dataset/VisDroneSplit1000Guarded/VisDrone2019-DET-train/annotations/9999937_00000_d_0000032.txt	train
train	9999937_00000_d_0000049	/home/wangzhe/DroneP_VG/dataset/VisDroneSplit1000Guarded/VisDrone2019-DET-train/images/9999937_00000_d_0000049.jpg	/home/wangzhe/DroneP_VG/dataset/VisDroneSplit1000Guarded/VisDrone2019-DET-train/annotations/9999937_00000_d_0000049.txt	train
train	9999937_00000_d_0000056	/home/wangzhe/DroneP_VG/dataset/VisDroneSplit1000Guarded/VisDrone2019-DET-train/images/9999937_00000_d_0000056.jpg	/home/wangzhe/DroneP_VG/dataset/VisDroneSplit1000Guarded/VisDrone2019-DET-train/annotations/9999937_00000_d_0000056.txt	train
train	9999937_00000_d_0000063	/home/wangzhe/DroneP_VG/dataset/VisDroneSplit1000Guarded/VisDrone2019-DET-train/images/9999937_00000_d_0000063.jpg	/home/wangzhe/DroneP_VG/dataset/VisDroneSplit1000Guarded/VisDrone2019-DET-train/annotations/9999937_00000_d_0000063.txt	train
train	9999937_00000_d_0000066	/home/wangzhe/DroneP_VG/dataset/VisDroneSplit1000Guarded/VisDrone2019-DET-train/images/9999937_00000_d_0000066.jpg	/home/wangzhe/DroneP_VG/dataset/VisDroneSplit1000Guarded/VisDrone2019-DET-train/annotations/9999937_00000_d_0000066.txt	train
train	9999937_00000_d_0000080	/home/wangzhe/DroneP_VG/dataset/VisDroneSplit1000Guarded/VisDrone2019-DET-train/images/9999937_00000_d_0000080.jpg	/home/wangzhe/DroneP_VG/dataset/VisDroneSplit1000Guarded/VisDrone2019-DET-train/annotations/9999937_00000_d_0000080.txt	train
train	9999937_00000_d_0000102	/home/wangzhe/DroneP_VG/dataset/VisDroneSplit1000Guarded/VisDrone2019-DET-train/images/9999937_00000_d_0000102.jpg	/home/wangzhe/DroneP_VG/dataset/VisDroneSplit1000Guarded/VisDrone2019-DET-train/annotations/9999937_00000_d_0000102.txt	train
train	9999937_00000_d_0000110	/home/wangzhe/DroneP_VG/dataset/VisDroneSplit1000Guarded/VisDrone2019-DET-train/images/9999937_00000_d_0000110.jpg	/home/wangzhe/DroneP_VG/dataset/VisDroneSplit1000Guarded/VisDrone2019-DET-train/annotations/9999937_00000_d_0000110.txt	train
train	9999937_00000_d_0000116	/home/wangzhe/DroneP_VG/dataset/VisDroneSplit1000Guarded/VisDrone2019-DET-train/images/9999937_00000_d_0000116.jpg	/home/wangzhe/DroneP_VG/dataset/VisDroneSplit1000Guarded/VisDrone2019-DET-train/annotations/9999937_00000_d_0000116.txt	train
train	9999937_00000_d_0000118	/home/wangzhe/DroneP_VG/dataset/VisDroneSplit1000Guarded/VisDrone2019-DET-train/images/9999937_00000_d_0000118.jpg	/home/wangzhe/DroneP_VG/dataset/VisDroneSplit1000Guarded/VisDrone2019-DET-train/annotations/9999937_00000_d_0000118.txt	train
train	9999937_00000_d_0000119	/home/wangzhe/DroneP_VG/dataset/VisDroneSplit1000Guarded/VisDrone2019-DET-train/images/9999937_00000_d_0000119.jpg	/home/wangzhe/DroneP_VG/dataset/VisDroneSplit1000Guarded/VisDrone2019-DET-train/annotations/9999937_00000_d_0000119.txt	train
train	9999937_00000_d_0000132	/home/wangzhe/DroneP_VG/dataset/VisDroneSplit1000Guarded/VisDrone2019-DET-train/images/9999937_00000_d_0000132.jpg	/home/wangzhe/DroneP_VG/dataset/VisDroneSplit1000Guarded/VisDrone2019-DET-train/annotations/9999937_00000_d_0000132.txt	train
train	9999937_00000_d_0000151	/home/wangzhe/DroneP_VG/dataset/VisDroneSplit1000Guarded/VisDrone2019-DET-train/images/9999937_00000_d_0000151.jpg	/home/wangzhe/DroneP_VG/dataset/VisDroneSplit1000Guarded/VisDrone2019-DET-train/annotations/9999937_00000_d_0000151.txt	train
train	9999937_00000_d_0000153	/home/wangzhe/DroneP_VG/dataset/VisDroneSplit1000Guarded/VisDrone2019-DET-train/images/9999937_00000_d_0000153.jpg	/home/wangzhe/DroneP_VG/dataset/VisDroneSplit1000Guarded/VisDrone2019-DET-train/annotations/9999937_00000_d_0000153.txt	train
train	9999937_00000_d_0000171	/home/wangzhe/DroneP_VG/dataset/VisDroneSplit1000Guarded/VisDrone2019-DET-train/images/9999937_00000_d_0000171.jpg	/home/wangzhe/DroneP_VG/dataset/VisDroneSplit1000Guarded/VisDrone2019-DET-train/annotations/9999937_00000_d_0000171.txt	train
train	9999937_00000_d_0000178	/home/wangzhe/DroneP_VG/dataset/VisDroneSplit1000Guarded/VisDrone2019-DET-train/images/9999937_00000_d_0000178.jpg	/home/wangzhe/DroneP_VG/dataset/VisDroneSplit1000Guarded/VisDrone2019-DET-train/annotations/9999937_00000_d_0000178.txt	train
train	9999937_00000_d_0000192	/home/wangzhe/DroneP_VG/dataset/VisDroneSplit1000Guarded/VisDrone2019-DET-train/images/9999937_00000_d_0000192.jpg	/home/wangzhe/DroneP_VG/dataset/VisDroneSplit1000Guarded/VisDrone2019-DET-train/annotations/9999937_00000_d_0000192.txt	train
train	9999937_00000_d_0000198	/home/wangzhe/DroneP_VG/dataset/VisDroneSplit1000Guarded/VisDrone2019-DET-train/images/9999937_00000_d_0000198.jpg	/home/wangzhe/DroneP_VG/dataset/VisDroneSplit1000Guarded/VisDrone2019-DET-train/annotations/9999937_00000_d_0000198.txt	train
train	9999937_00000_d_0000207	/home/wangzhe/DroneP_VG/dataset/VisDroneSplit1000Guarded/VisDrone2019-DET-train/images/9999937_00000_d_0000207.jpg	/home/wangzhe/DroneP_VG/dataset/VisDroneSplit1000Guarded/VisDrone2019-DET-train/annotations/9999937_00000_d_0000207.txt	train
train	9999938_00000_d_0000005	/home/wangzhe/DroneP_VG/dataset/VisDroneSplit1000Guarded/VisDrone2019-DET-train/images/9999938_00000_d_0000005.jpg	/home/wangzhe/DroneP_VG/dataset/VisDroneSplit1000Guarded/VisDrone2019-DET-train/annotations/9999938_00000_d_0000005.txt	visdrone_test_100
train	9999938_00000_d_0000031	/home/wangzhe/DroneP_VG/dataset/VisDroneSplit1000Guarded/VisDrone2019-DET-train/images/9999938_00000_d_0000031.jpg	/home/wangzhe/DroneP_VG/dataset/VisDroneSplit1000Guarded/VisDrone2019-DET-train/annotations/9999938_00000_d_0000031.txt	test
train	9999938_00000_d_0000032	/home/wangzhe/DroneP_VG/dataset/VisDroneSplit1000Guarded/VisDrone2019-DET-train/images/9999938_00000_d_0000032.jpg	/home/wangzhe/DroneP_VG/dataset/VisDroneSplit1000Guarded/VisDrone2019-DET-train/annotations/9999938_00000_d_0000032.txt	test
train	9999938_00000_d_0000035	/home/wangzhe/DroneP_VG/dataset/VisDroneSplit1000Guarded/VisDrone2019-DET-train/images/9999938_00000_d_0000035.jpg	/home/wangzhe/DroneP_VG/dataset/VisDroneSplit1000Guarded/VisDrone2019-DET-train/annotations/9999938_00000_d_0000035.txt	visdrone_test_100
train	9999938_00000_d_0000059	/home/wangzhe/DroneP_VG/dataset/VisDroneSplit1000Guarded/VisDrone2019-DET-train/images/9999938_00000_d_0000059.jpg	/home/wangzhe/DroneP_VG/dataset/VisDroneSplit1000Guarded/VisDrone2019-DET-train/annotations/9999938_00000_d_0000059.txt	test
train	9999938_00000_d_0000064	/home/wangzhe/DroneP_VG/dataset/VisDroneSplit1000Guarded/VisDrone2019-DET-train/images/9999938_00000_d_0000064.jpg	/home/wangzhe/DroneP_VG/dataset/VisDroneSplit1000Guarded/VisDrone2019-DET-train/annotations/9999938_00000_d_0000064.txt	test
train	9999938_00000_d_0000068	/home/wangzhe/DroneP_VG/dataset/VisDroneSplit1000Guarded/VisDrone2019-DET-train/images/9999938_00000_d_0000068.jpg	/home/wangzhe/DroneP_VG/dataset/VisDroneSplit1000Guarded/VisDrone2019-DET-train/annotations/9999938_00000_d_0000068.txt	visdrone_test_100
train	9999938_00000_d_0000069	/home/wangzhe/DroneP_VG/dataset/VisDroneSplit1000Guarded/VisDrone2019-DET-train/images/9999938_00000_d_0000069.jpg	/home/wangzhe/DroneP_VG/dataset/VisDroneSplit1000Guarded/VisDrone2019-DET-train/annotations/9999938_00000_d_0000069.txt	test
train	9999938_00000_d_0000076	/home/wangzhe/DroneP_VG/dataset/VisDroneSplit1000Guarded/VisDrone2019-DET-train/images/9999938_00000_d_0000076.jpg	/home/wangzhe/DroneP_VG/dataset/VisDroneSplit1000Guarded/VisDrone2019-DET-train/annotations/9999938_00000_d_0000076.txt	visdrone_test_100
train	9999938_00000_d_0000083	/home/wangzhe/DroneP_VG/dataset/VisDroneSplit1000Guarded/VisDrone2019-DET-train/images/9999938_00000_d_0000083.jpg	/home/wangzhe/DroneP_VG/dataset/VisDroneSplit1000Guarded/VisDrone2019-DET-train/annotations/9999938_00000_d_0000083.txt	visdrone_test_100
train	9999938_00000_d_0000084	/home/wangzhe/DroneP_VG/dataset/VisDroneSplit1000Guarded/VisDrone2019-DET-train/images/9999938_00000_d_0000084.jpg	/home/wangzhe/DroneP_VG/dataset/VisDroneSplit1000Guarded/VisDrone2019-DET-train/annotations/9999938_00000_d_0000084.txt	visdrone_test_100
train	9999938_00000_d_0000100	/home/wangzhe/DroneP_VG/dataset/VisDroneSplit1000Guarded/VisDrone2019-DET-train/images/9999938_00000_d_0000100.jpg	/home/wangzhe/DroneP_VG/dataset/VisDroneSplit1000Guarded/VisDrone2019-DET-train/annotations/9999938_00000_d_0000100.txt	visdrone_test_100
train	9999938_00000_d_0000133	/home/wangzhe/DroneP_VG/dataset/VisDroneSplit1000Guarded/VisDrone2019-DET-train/images/9999938_00000_d_0000133.jpg	/home/wangzhe/DroneP_VG/dataset/VisDroneSplit1000Guarded/VisDrone2019-DET-train/annotations/9999938_00000_d_0000133.txt	test
train	9999938_00000_d_0000148	/home/wangzhe/DroneP_VG/dataset/VisDroneSplit1000Guarded/VisDrone2019-DET-train/images/9999938_00000_d_0000148.jpg	/home/wangzhe/DroneP_VG/dataset/VisDroneSplit1000Guarded/VisDrone2019-DET-train/annotations/9999938_00000_d_0000148.txt	test
train	9999938_00000_d_0000157	/home/wangzhe/DroneP_VG/dataset/VisDroneSplit1000Guarded/VisDrone2019-DET-train/images/9999938_00000_d_0000157.jpg	/home/wangzhe/DroneP_VG/dataset/VisDroneSplit1000Guarded/VisDrone2019-DET-train/annotations/9999938_00000_d_0000157.txt	visdrone_test_100
train	9999938_00000_d_0000159	/home/wangzhe/DroneP_VG/dataset/VisDroneSplit1000Guarded/VisDrone2019-DET-train/images/9999938_00000_d_0000159.jpg	/home/wangzhe/DroneP_VG/dataset/VisDroneSplit1000Guarded/VisDrone2019-DET-train/annotations/9999938_00000_d_0000159.txt	test
train	9999938_00000_d_0000199	/home/wangzhe/DroneP_VG/dataset/VisDroneSplit1000Guarded/VisDrone2019-DET-train/images/9999938_00000_d_0000199.jpg	/home/wangzhe/DroneP_VG/dataset/VisDroneSplit1000Guarded/VisDrone2019-DET-train/annotations/9999938_00000_d_0000199.txt	visdrone_test_100
train	9999938_00000_d_0000207	/home/wangzhe/DroneP_VG/dataset/VisDroneSplit1000Guarded/VisDrone2019-DET-train/images/9999938_00000_d_0000207.jpg	/home/wangzhe/DroneP_VG/dataset/VisDroneSplit1000Guarded/VisDrone2019-DET-train/annotations/9999938_00000_d_0000207.txt	visdrone_test_100
train	9999938_00000_d_0000208	/home/wangzhe/DroneP_VG/dataset/VisDroneSplit1000Guarded/VisDrone2019-DET-train/images/9999938_00000_d_0000208.jpg	/home/wangzhe/DroneP_VG/dataset/VisDroneSplit1000Guarded/VisDrone2019-DET-train/annotations/9999938_00000_d_0000208.txt	test
train	9999938_00000_d_0000214	/home/wangzhe/DroneP_VG/dataset/VisDroneSplit1000Guarded/VisDrone2019-DET-train/images/9999938_00000_d_0000214.jpg	/home/wangzhe/DroneP_VG/dataset/VisDroneSplit1000Guarded/VisDrone2019-DET-train/annotations/9999938_00000_d_0000214.txt	test
train	9999938_00000_d_0000216	/home/wangzhe/DroneP_VG/dataset/VisDroneSplit1000Guarded/VisDrone2019-DET-train/images/9999938_00000_d_0000216.jpg	/home/wangzhe/DroneP_VG/dataset/VisDroneSplit1000Guarded/VisDrone2019-DET-train/annotations/9999938_00000_d_0000216.txt	visdrone_test_100
train	9999938_00000_d_0000226	/home/wangzhe/DroneP_VG/dataset/VisDroneSplit1000Guarded/VisDrone2019-DET-train/images/9999938_00000_d_0000226.jpg	/home/wangzhe/DroneP_VG/dataset/VisDroneSplit1000Guarded/VisDrone2019-DET-train/annotations/9999938_00000_d_0000226.txt	visdrone_test_100
train	9999938_00000_d_0000228	/home/wangzhe/DroneP_VG/dataset/VisDroneSplit1000Guarded/VisDrone2019-DET-train/images/9999938_00000_d_0000228.jpg	/home/wangzhe/DroneP_VG/dataset/VisDroneSplit1000Guarded/VisDrone2019-DET-train/annotations/9999938_00000_d_0000228.txt	test
train	9999938_00000_d_0000263	/home/wangzhe/DroneP_VG/dataset/VisDroneSplit1000Guarded/VisDrone2019-DET-train/images/9999938_00000_d_0000263.jpg	/home/wangzhe/DroneP_VG/dataset/VisDroneSplit1000Guarded/VisDrone2019-DET-train/annotations/9999938_00000_d_0000263.txt	test
train	9999938_00000_d_0000264	/home/wangzhe/DroneP_VG/dataset/VisDroneSplit1000Guarded/VisDrone2019-DET-train/images/9999938_00000_d_0000264.jpg	/home/wangzhe/DroneP_VG/dataset/VisDroneSplit1000Guarded/VisDrone2019-DET-train/annotations/9999938_00000_d_0000264.txt	test
train	9999938_00000_d_0000265	/home/wangzhe/DroneP_VG/dataset/VisDroneSplit1000Guarded/VisDrone2019-DET-train/images/9999938_00000_d_0000265.jpg	/home/wangzhe/DroneP_VG/dataset/VisDroneSplit1000Guarded/VisDrone2019-DET-train/annotations/9999938_00000_d_0000265.txt	test
train	9999938_00000_d_0000291	/home/wangzhe/DroneP_VG/dataset/VisDroneSplit1000Guarded/VisDrone2019-DET-train/images/9999938_00000_d_0000291.jpg	/home/wangzhe/DroneP_VG/dataset/VisDroneSplit1000Guarded/VisDrone2019-DET-train/annotations/9999938_00000_d_0000291.txt	visdrone_test_100
train	9999938_00000_d_0000293	/home/wangzhe/DroneP_VG/dataset/VisDroneSplit1000Guarded/VisDrone2019-DET-train/images/9999938_00000_d_0000293.jpg	/home/wangzhe/DroneP_VG/dataset/VisDroneSplit1000Guarded/VisDrone2019-DET-train/annotations/9999938_00000_d_0000293.txt	test
train	9999938_00000_d_0000296	/home/wangzhe/DroneP_VG/dataset/VisDroneSplit1000Guarded/VisDrone2019-DET-train/images/9999938_00000_d_0000296.jpg	/home/wangzhe/DroneP_VG/dataset/VisDroneSplit1000Guarded/VisDrone2019-DET-train/annotations/9999938_00000_d_0000296.txt	visdrone_test_100
train	9999938_00000_d_0000302	/home/wangzhe/DroneP_VG/dataset/VisDroneSplit1000Guarded/VisDrone2019-DET-train/images/9999938_00000_d_0000302.jpg	/home/wangzhe/DroneP_VG/dataset/VisDroneSplit1000Guarded/VisDrone2019-DET-train/annotations/9999938_00000_d_0000302.txt	visdrone_test_100
train	9999938_00000_d_0000313	/home/wangzhe/DroneP_VG/dataset/VisDroneSplit1000Guarded/VisDrone2019-DET-train/images/9999938_00000_d_0000313.jpg	/home/wangzhe/DroneP_VG/dataset/VisDroneSplit1000Guarded/VisDrone2019-DET-train/annotations/9999938_00000_d_0000313.txt	visdrone_test_100
train	9999938_00000_d_0000315	/home/wangzhe/DroneP_VG/dataset/VisDroneSplit1000Guarded/VisDrone2019-DET-train/images/9999938_00000_d_0000315.jpg	/home/wangzhe/DroneP_VG/dataset/VisDroneSplit1000Guarded/VisDrone2019-DET-train/annotations/9999938_00000_d_0000315.txt	test
train	9999938_00000_d_0000319	/home/wangzhe/DroneP_VG/dataset/VisDroneSplit1000Guarded/VisDrone2019-DET-train/images/9999938_00000_d_0000319.jpg	/home/wangzhe/DroneP_VG/dataset/VisDroneSplit1000Guarded/VisDrone2019-DET-train/annotations/9999938_00000_d_0000319.txt	visdrone_test_100
train	9999938_00000_d_0000336	/home/wangzhe/DroneP_VG/dataset/VisDroneSplit1000Guarded/VisDrone2019-DET-train/images/9999938_00000_d_0000336.jpg	/home/wangzhe/DroneP_VG/dataset/VisDroneSplit1000Guarded/VisDrone2019-DET-train/annotations/9999938_00000_d_0000336.txt	test
train	9999938_00000_d_0000342	/home/wangzhe/DroneP_VG/dataset/VisDroneSplit1000Guarded/VisDrone2019-DET-train/images/9999938_00000_d_0000342.jpg	/home/wangzhe/DroneP_VG/dataset/VisDroneSplit1000Guarded/VisDrone2019-DET-train/annotations/9999938_00000_d_0000342.txt	visdrone_test_100
train	9999938_00000_d_0000350	/home/wangzhe/DroneP_VG/dataset/VisDroneSplit1000Guarded/VisDrone2019-DET-train/images/9999938_00000_d_0000350.jpg	/home/wangzhe/DroneP_VG/dataset/VisDroneSplit1000Guarded/VisDrone2019-DET-train/annotations/9999938_00000_d_0000350.txt	visdrone_test_100
train	9999938_00000_d_0000373	/home/wangzhe/DroneP_VG/dataset/VisDroneSplit1000Guarded/VisDrone2019-DET-train/images/9999938_00000_d_0000373.jpg	/home/wangzhe/DroneP_VG/dataset/VisDroneSplit1000Guarded/VisDrone2019-DET-train/annotations/9999938_00000_d_0000373.txt	test
train	9999938_00000_d_0000389	/home/wangzhe/DroneP_VG/dataset/VisDroneSplit1000Guarded/VisDrone2019-DET-train/images/9999938_00000_d_0000389.jpg	/home/wangzhe/DroneP_VG/dataset/VisDroneSplit1000Guarded/VisDrone2019-DET-train/annotations/9999938_00000_d_0000389.txt	test
train	9999938_00000_d_0000406	/home/wangzhe/DroneP_VG/dataset/VisDroneSplit1000Guarded/VisDrone2019-DET-train/images/9999938_00000_d_0000406.jpg	/home/wangzhe/DroneP_VG/dataset/VisDroneSplit1000Guarded/VisDrone2019-DET-train/annotations/9999938_00000_d_0000406.txt	test
train	9999938_00000_d_0000417	/home/wangzhe/DroneP_VG/dataset/VisDroneSplit1000Guarded/VisDrone2019-DET-train/images/9999938_00000_d_0000417.jpg	/home/wangzhe/DroneP_VG/dataset/VisDroneSplit1000Guarded/VisDrone2019-DET-train/annotations/9999938_00000_d_0000417.txt	test
train	9999938_00000_d_0000421	/home/wangzhe/DroneP_VG/dataset/VisDroneSplit1000Guarded/VisDrone2019-DET-train/images/9999938_00000_d_0000421.jpg	/home/wangzhe/DroneP_VG/dataset/VisDroneSplit1000Guarded/VisDrone2019-DET-train/annotations/9999938_00000_d_0000421.txt	test
train	9999938_00000_d_0000429	/home/wangzhe/DroneP_VG/dataset/VisDroneSplit1000Guarded/VisDrone2019-DET-train/images/9999938_00000_d_0000429.jpg	/home/wangzhe/DroneP_VG/dataset/VisDroneSplit1000Guarded/VisDrone2019-DET-train/annotations/9999938_00000_d_0000429.txt	test
train	9999938_00000_d_0000439	/home/wangzhe/DroneP_VG/dataset/VisDroneSplit1000Guarded/VisDrone2019-DET-train/images/9999938_00000_d_0000439.jpg	/home/wangzhe/DroneP_VG/dataset/VisDroneSplit1000Guarded/VisDrone2019-DET-train/annotations/9999938_00000_d_0000439.txt	visdrone_test_100
train	9999938_00000_d_0000440	/home/wangzhe/DroneP_VG/dataset/VisDroneSplit1000Guarded/VisDrone2019-DET-train/images/9999938_00000_d_0000440.jpg	/home/wangzhe/DroneP_VG/dataset/VisDroneSplit1000Guarded/VisDrone2019-DET-train/annotations/9999938_00000_d_0000440.txt	test
train	9999938_00000_d_0000446	/home/wangzhe/DroneP_VG/dataset/VisDroneSplit1000Guarded/VisDrone2019-DET-train/images/9999938_00000_d_0000446.jpg	/home/wangzhe/DroneP_VG/dataset/VisDroneSplit1000Guarded/VisDrone2019-DET-train/annotations/9999938_00000_d_0000446.txt	visdrone_test_100
train	9999938_00000_d_0000454	/home/wangzhe/DroneP_VG/dataset/VisDroneSplit1000Guarded/VisDrone2019-DET-train/images/9999938_00000_d_0000454.jpg	/home/wangzhe/DroneP_VG/dataset/VisDroneSplit1000Guarded/VisDrone2019-DET-train/annotations/9999938_00000_d_0000454.txt	visdrone_test_100
train	9999938_00000_d_0000470	/home/wangzhe/DroneP_VG/dataset/VisDroneSplit1000Guarded/VisDrone2019-DET-train/images/9999938_00000_d_0000470.jpg	/home/wangzhe/DroneP_VG/dataset/VisDroneSplit1000Guarded/VisDrone2019-DET-train/annotations/9999938_00000_d_0000470.txt	test
train	9999938_00000_d_0000473	/home/wangzhe/DroneP_VG/dataset/VisDroneSplit1000Guarded/VisDrone2019-DET-train/images/9999938_00000_d_0000473.jpg	/home/wangzhe/DroneP_VG/dataset/VisDroneSplit1000Guarded/VisDrone2019-DET-train/annotations/9999938_00000_d_0000473.txt	test
train	9999938_00000_d_0000477	/home/wangzhe/DroneP_VG/dataset/VisDroneSplit1000Guarded/VisDrone2019-DET-train/images/9999938_00000_d_0000477.jpg	/home/wangzhe/DroneP_VG/dataset/VisDroneSplit1000Guarded/VisDrone2019-DET-train/annotations/9999938_00000_d_0000477.txt	visdrone_test_100
train	9999938_00000_d_0000479	/home/wangzhe/DroneP_VG/dataset/VisDroneSplit1000Guarded/VisDrone2019-DET-train/images/9999938_00000_d_0000479.jpg	/home/wangzhe/DroneP_VG/dataset/VisDroneSplit1000Guarded/VisDrone2019-DET-train/annotations/9999938_00000_d_0000479.txt	test
train	9999938_00000_d_0000484	/home/wangzhe/DroneP_VG/dataset/VisDroneSplit1000Guarded/VisDrone2019-DET-train/images/9999938_00000_d_0000484.jpg	/home/wangzhe/DroneP_VG/dataset/VisDroneSplit1000Guarded/VisDrone2019-DET-train/annotations/9999938_00000_d_0000484.txt	test
train	9999938_00000_d_0000485	/home/wangzhe/DroneP_VG/dataset/VisDroneSplit1000Guarded/VisDrone2019-DET-train/images/9999938_00000_d_0000485.jpg	/home/wangzhe/DroneP_VG/dataset/VisDroneSplit1000Guarded/VisDrone2019-DET-train/annotations/9999938_00000_d_0000485.txt	visdrone_test_100
train	9999938_00000_d_0000490	/home/wangzhe/DroneP_VG/dataset/VisDroneSplit1000Guarded/VisDrone2019-DET-train/images/9999938_00000_d_0000490.jpg	/home/wangzhe/DroneP_VG/dataset/VisDroneSplit1000Guarded/VisDrone2019-DET-train/annotations/9999938_00000_d_0000490.txt	visdrone_test_100
train	9999938_00000_d_0000497	/home/wangzhe/DroneP_VG/dataset/VisDroneSplit1000Guarded/VisDrone2019-DET-train/images/9999938_00000_d_0000497.jpg	/home/wangzhe/DroneP_VG/dataset/VisDroneSplit1000Guarded/VisDrone2019-DET-train/annotations/9999938_00000_d_0000497.txt	visdrone_test_100
train	9999938_00000_d_0000498	/home/wangzhe/DroneP_VG/dataset/VisDroneSplit1000Guarded/VisDrone2019-DET-train/images/9999938_00000_d_0000498.jpg	/home/wangzhe/DroneP_VG/dataset/VisDroneSplit1000Guarded/VisDrone2019-DET-train/annotations/9999938_00000_d_0000498.txt	test
train	9999938_00000_d_0000500	/home/wangzhe/DroneP_VG/dataset/VisDroneSplit1000Guarded/VisDrone2019-DET-train/images/9999938_00000_d_0000500.jpg	/home/wangzhe/DroneP_VG/dataset/VisDroneSplit1000Guarded/VisDrone2019-DET-train/annotations/9999938_00000_d_0000500.txt	test
train	9999938_00000_d_0000504	/home/wangzhe/DroneP_VG/dataset/VisDroneSplit1000Guarded/VisDrone2019-DET-train/images/9999938_00000_d_0000504.jpg	/home/wangzhe/DroneP_VG/dataset/VisDroneSplit1000Guarded/VisDrone2019-DET-train/annotations/9999938_00000_d_0000504.txt	test
train	9999938_00000_d_0000508	/home/wangzhe/DroneP_VG/dataset/VisDroneSplit1000Guarded/VisDrone2019-DET-train/images/9999938_00000_d_0000508.jpg	/home/wangzhe/DroneP_VG/dataset/VisDroneSplit1000Guarded/VisDrone2019-DET-train/annotations/9999938_00000_d_0000508.txt	visdrone_test_100
train	9999938_00000_d_0000516	/home/wangzhe/DroneP_VG/dataset/VisDroneSplit1000Guarded/VisDrone2019-DET-train/images/9999938_00000_d_0000516.jpg	/home/wangzhe/DroneP_VG/dataset/VisDroneSplit1000Guarded/VisDrone2019-DET-train/annotations/9999938_00000_d_0000516.txt	test
train	9999940_00000_d_0000005	/home/wangzhe/DroneP_VG/dataset/VisDroneSplit1000Guarded/VisDrone2019-DET-train/images/9999940_00000_d_0000005.jpg	/home/wangzhe/DroneP_VG/dataset/VisDroneSplit1000Guarded/VisDrone2019-DET-train/annotations/9999940_00000_d_0000005.txt	train
train	9999940_00000_d_0000007	/home/wangzhe/DroneP_VG/dataset/VisDroneSplit1000Guarded/VisDrone2019-DET-train/images/9999940_00000_d_0000007.jpg	/home/wangzhe/DroneP_VG/dataset/VisDroneSplit1000Guarded/VisDrone2019-DET-train/annotations/9999940_00000_d_0000007.txt	train
train	9999940_00000_d_0000022	/home/wangzhe/DroneP_VG/dataset/VisDroneSplit1000Guarded/VisDrone2019-DET-train/images/9999940_00000_d_0000022.jpg	/home/wangzhe/DroneP_VG/dataset/VisDroneSplit1000Guarded/VisDrone2019-DET-train/annotations/9999940_00000_d_0000022.txt	train
train	9999940_00000_d_0000026	/home/wangzhe/DroneP_VG/dataset/VisDroneSplit1000Guarded/VisDrone2019-DET-train/images/9999940_00000_d_0000026.jpg	/home/wangzhe/DroneP_VG/dataset/VisDroneSplit1000Guarded/VisDrone2019-DET-train/annotations/9999940_00000_d_0000026.txt	train
train	9999940_00000_d_0000047	/home/wangzhe/DroneP_VG/dataset/VisDroneSplit1000Guarded/VisDrone2019-DET-train/images/9999940_00000_d_0000047.jpg	/home/wangzhe/DroneP_VG/dataset/VisDroneSplit1000Guarded/VisDrone2019-DET-train/annotations/9999940_00000_d_0000047.txt	train
train	9999940_00000_d_0000054	/home/wangzhe/DroneP_VG/dataset/VisDroneSplit1000Guarded/VisDrone2019-DET-train/images/9999940_00000_d_0000054.jpg	/home/wangzhe/DroneP_VG/dataset/VisDroneSplit1000Guarded/VisDrone2019-DET-train/annotations/9999940_00000_d_0000054.txt	train
train	9999940_00000_d_0000056	/home/wangzhe/DroneP_VG/dataset/VisDroneSplit1000Guarded/VisDrone2019-DET-train/images/9999940_00000_d_0000056.jpg	/home/wangzhe/DroneP_VG/dataset/VisDroneSplit1000Guarded/VisDrone2019-DET-train/annotations/9999940_00000_d_0000056.txt	train
train	9999940_00000_d_0000073	/home/wangzhe/DroneP_VG/dataset/VisDroneSplit1000Guarded/VisDrone2019-DET-train/images/9999940_00000_d_0000073.jpg	/home/wangzhe/DroneP_VG/dataset/VisDroneSplit1000Guarded/VisDrone2019-DET-train/annotations/9999940_00000_d_0000073.txt	train
train	9999940_00000_d_0000078	/home/wangzhe/DroneP_VG/dataset/VisDroneSplit1000Guarded/VisDrone2019-DET-train/images/9999940_00000_d_0000078.jpg	/home/wangzhe/DroneP_VG/dataset/VisDroneSplit1000Guarded/VisDrone2019-DET-train/annotations/9999940_00000_d_0000078.txt	train
train	9999940_00000_d_0000090	/home/wangzhe/DroneP_VG/dataset/VisDroneSplit1000Guarded/VisDrone2019-DET-train/images/9999940_00000_d_0000090.jpg	/home/wangzhe/DroneP_VG/dataset/VisDroneSplit1000Guarded/VisDrone2019-DET-train/annotations/9999940_00000_d_0000090.txt	train
train	9999940_00000_d_0000094	/home/wangzhe/DroneP_VG/dataset/VisDroneSplit1000Guarded/VisDrone2019-DET-train/images/9999940_00000_d_0000094.jpg	/home/wangzhe/DroneP_VG/dataset/VisDroneSplit1000Guarded/VisDrone2019-DET-train/annotations/9999940_00000_d_0000094.txt	train
train	9999940_00000_d_0000099	/home/wangzhe/DroneP_VG/dataset/VisDroneSplit1000Guarded/VisDrone2019-DET-train/images/9999940_00000_d_0000099.jpg	/home/wangzhe/DroneP_VG/dataset/VisDroneSplit1000Guarded/VisDrone2019-DET-train/annotations/9999940_00000_d_0000099.txt	train
train	9999941_00000_d_0000005	/home/wangzhe/DroneP_VG/dataset/VisDroneSplit1000Guarded/VisDrone2019-DET-train/images/9999941_00000_d_0000005.jpg	/home/wangzhe/DroneP_VG/dataset/VisDroneSplit1000Guarded/VisDrone2019-DET-train/annotations/9999941_00000_d_0000005.txt	test
train	9999941_00000_d_0000009	/home/wangzhe/DroneP_VG/dataset/VisDroneSplit1000Guarded/VisDrone2019-DET-train/images/9999941_00000_d_0000009.jpg	/home/wangzhe/DroneP_VG/dataset/VisDroneSplit1000Guarded/VisDrone2019-DET-train/annotations/9999941_00000_d_0000009.txt	visdrone_test_100
train	9999941_00000_d_0000011	/home/wangzhe/DroneP_VG/dataset/VisDroneSplit1000Guarded/VisDrone2019-DET-train/images/9999941_00000_d_0000011.jpg	/home/wangzhe/DroneP_VG/dataset/VisDroneSplit1000Guarded/VisDrone2019-DET-train/annotations/9999941_00000_d_0000011.txt	visdrone_test_100
train	9999941_00000_d_0000016	/home/wangzhe/DroneP_VG/dataset/VisDroneSplit1000Guarded/VisDrone2019-DET-train/images/9999941_00000_d_0000016.jpg	/home/wangzhe/DroneP_VG/dataset/VisDroneSplit1000Guarded/VisDrone2019-DET-train/annotations/9999941_00000_d_0000016.txt	test
train	9999941_00000_d_0000020	/home/wangzhe/DroneP_VG/dataset/VisDroneSplit1000Guarded/VisDrone2019-DET-train/images/9999941_00000_d_0000020.jpg	/home/wangzhe/DroneP_VG/dataset/VisDroneSplit1000Guarded/VisDrone2019-DET-train/annotations/9999941_00000_d_0000020.txt	test
train	9999942_00000_d_0000027	/home/wangzhe/DroneP_VG/dataset/VisDroneSplit1000Guarded/VisDrone2019-DET-train/images/9999942_00000_d_0000027.jpg	/home/wangzhe/DroneP_VG/dataset/VisDroneSplit1000Guarded/VisDrone2019-DET-train/annotations/9999942_00000_d_0000027.txt	train
train	9999942_00000_d_0000039	/home/wangzhe/DroneP_VG/dataset/VisDroneSplit1000Guarded/VisDrone2019-DET-train/images/9999942_00000_d_0000039.jpg	/home/wangzhe/DroneP_VG/dataset/VisDroneSplit1000Guarded/VisDrone2019-DET-train/annotations/9999942_00000_d_0000039.txt	train
train	9999942_00000_d_0000050	/home/wangzhe/DroneP_VG/dataset/VisDroneSplit1000Guarded/VisDrone2019-DET-train/images/9999942_00000_d_0000050.jpg	/home/wangzhe/DroneP_VG/dataset/VisDroneSplit1000Guarded/VisDrone2019-DET-train/annotations/9999942_00000_d_0000050.txt	train
train	9999942_00000_d_0000052	/home/wangzhe/DroneP_VG/dataset/VisDroneSplit1000Guarded/VisDrone2019-DET-train/images/9999942_00000_d_0000052.jpg	/home/wangzhe/DroneP_VG/dataset/VisDroneSplit1000Guarded/VisDrone2019-DET-train/annotations/9999942_00000_d_0000052.txt	train
train	9999942_00000_d_0000072	/home/wangzhe/DroneP_VG/dataset/VisDroneSplit1000Guarded/VisDrone2019-DET-train/images/9999942_00000_d_0000072.jpg	/home/wangzhe/DroneP_VG/dataset/VisDroneSplit1000Guarded/VisDrone2019-DET-train/annotations/9999942_00000_d_0000072.txt	train
train	9999942_00000_d_0000081	/home/wangzhe/DroneP_VG/dataset/VisDroneSplit1000Guarded/VisDrone2019-DET-train/images/9999942_00000_d_0000081.jpg	/home/wangzhe/DroneP_VG/dataset/VisDroneSplit1000Guarded/VisDrone2019-DET-train/annotations/9999942_00000_d_0000081.txt	train
train	9999942_00000_d_0000087	/home/wangzhe/DroneP_VG/dataset/VisDroneSplit1000Guarded/VisDrone2019-DET-train/images/9999942_00000_d_0000087.jpg	/home/wangzhe/DroneP_VG/dataset/VisDroneSplit1000Guarded/VisDrone2019-DET-train/annotations/9999942_00000_d_0000087.txt	train
train	9999942_00000_d_0000089	/home/wangzhe/DroneP_VG/dataset/VisDroneSplit1000Guarded/VisDrone2019-DET-train/images/9999942_00000_d_0000089.jpg	/home/wangzhe/DroneP_VG/dataset/VisDroneSplit1000Guarded/VisDrone2019-DET-train/annotations/9999942_00000_d_0000089.txt	train
train	9999942_00000_d_0000114	/home/wangzhe/DroneP_VG/dataset/VisDroneSplit1000Guarded/VisDrone2019-DET-train/images/9999942_00000_d_0000114.jpg	/home/wangzhe/DroneP_VG/dataset/VisDroneSplit1000Guarded/VisDrone2019-DET-train/annotations/9999942_00000_d_0000114.txt	train
train	9999942_00000_d_0000140	/home/wangzhe/DroneP_VG/dataset/VisDroneSplit1000Guarded/VisDrone2019-DET-train/images/9999942_00000_d_0000140.jpg	/home/wangzhe/DroneP_VG/dataset/VisDroneSplit1000Guarded/VisDrone2019-DET-train/annotations/9999942_00000_d_0000140.txt	train
train	9999942_00000_d_0000147	/home/wangzhe/DroneP_VG/dataset/VisDroneSplit1000Guarded/VisDrone2019-DET-train/images/9999942_00000_d_0000147.jpg	/home/wangzhe/DroneP_VG/dataset/VisDroneSplit1000Guarded/VisDrone2019-DET-train/annotations/9999942_00000_d_0000147.txt	train
train	9999942_00000_d_0000156	/home/wangzhe/DroneP_VG/dataset/VisDroneSplit1000Guarded/VisDrone2019-DET-train/images/9999942_00000_d_0000156.jpg	/home/wangzhe/DroneP_VG/dataset/VisDroneSplit1000Guarded/VisDrone2019-DET-train/annotations/9999942_00000_d_0000156.txt	train
train	9999942_00000_d_0000157	/home/wangzhe/DroneP_VG/dataset/VisDroneSplit1000Guarded/VisDrone2019-DET-train/images/9999942_00000_d_0000157.jpg	/home/wangzhe/DroneP_VG/dataset/VisDroneSplit1000Guarded/VisDrone2019-DET-train/annotations/9999942_00000_d_0000157.txt	train
train	9999942_00000_d_0000173	/home/wangzhe/DroneP_VG/dataset/VisDroneSplit1000Guarded/VisDrone2019-DET-train/images/9999942_00000_d_0000173.jpg	/home/wangzhe/DroneP_VG/dataset/VisDroneSplit1000Guarded/VisDrone2019-DET-train/annotations/9999942_00000_d_0000173.txt	train
train	9999942_00000_d_0000183	/home/wangzhe/DroneP_VG/dataset/VisDroneSplit1000Guarded/VisDrone2019-DET-train/images/9999942_00000_d_0000183.jpg	/home/wangzhe/DroneP_VG/dataset/VisDroneSplit1000Guarded/VisDrone2019-DET-train/annotations/9999942_00000_d_0000183.txt	train
train	9999942_00000_d_0000233	/home/wangzhe/DroneP_VG/dataset/VisDroneSplit1000Guarded/VisDrone2019-DET-train/images/9999942_00000_d_0000233.jpg	/home/wangzhe/DroneP_VG/dataset/VisDroneSplit1000Guarded/VisDrone2019-DET-train/annotations/9999942_00000_d_0000233.txt	train
train	9999942_00000_d_0000237	/home/wangzhe/DroneP_VG/dataset/VisDroneSplit1000Guarded/VisDrone2019-DET-train/images/9999942_00000_d_0000237.jpg	/home/wangzhe/DroneP_VG/dataset/VisDroneSplit1000Guarded/VisDrone2019-DET-train/annotations/9999942_00000_d_0000237.txt	train
train	9999942_00000_d_0000244	/home/wangzhe/DroneP_VG/dataset/VisDroneSplit1000Guarded/VisDrone2019-DET-train/images/9999942_00000_d_0000244.jpg	/home/wangzhe/DroneP_VG/dataset/VisDroneSplit1000Guarded/VisDrone2019-DET-train/annotations/9999942_00000_d_0000244.txt	train
train	9999942_00000_d_0000254	/home/wangzhe/DroneP_VG/dataset/VisDroneSplit1000Guarded/VisDrone2019-DET-train/images/9999942_00000_d_0000254.jpg	/home/wangzhe/DroneP_VG/dataset/VisDroneSplit1000Guarded/VisDrone2019-DET-train/annotations/9999942_00000_d_0000254.txt	train
train	9999942_00000_d_0000266	/home/wangzhe/DroneP_VG/dataset/VisDroneSplit1000Guarded/VisDrone2019-DET-train/images/9999942_00000_d_0000266.jpg	/home/wangzhe/DroneP_VG/dataset/VisDroneSplit1000Guarded/VisDrone2019-DET-train/annotations/9999942_00000_d_0000266.txt	train
train	9999943_00000_d_0000027	/home/wangzhe/DroneP_VG/dataset/VisDroneSplit1000Guarded/VisDrone2019-DET-train/images/9999943_00000_d_0000027.jpg	/home/wangzhe/DroneP_VG/dataset/VisDroneSplit1000Guarded/VisDrone2019-DET-train/annotations/9999943_00000_d_0000027.txt	train
train	9999943_00000_d_0000071	/home/wangzhe/DroneP_VG/dataset/VisDroneSplit1000Guarded/VisDrone2019-DET-train/images/9999943_00000_d_0000071.jpg	/home/wangzhe/DroneP_VG/dataset/VisDroneSplit1000Guarded/VisDrone2019-DET-train/annotations/9999943_00000_d_0000071.txt	train
train	9999943_00000_d_0000092	/home/wangzhe/DroneP_VG/dataset/VisDroneSplit1000Guarded/VisDrone2019-DET-train/images/9999943_00000_d_0000092.jpg	/home/wangzhe/DroneP_VG/dataset/VisDroneSplit1000Guarded/VisDrone2019-DET-train/annotations/9999943_00000_d_0000092.txt	train
train	9999945_00000_d_0000009	/home/wangzhe/DroneP_VG/dataset/VisDroneSplit1000Guarded/VisDrone2019-DET-train/images/9999945_00000_d_0000009.jpg	/home/wangzhe/DroneP_VG/dataset/VisDroneSplit1000Guarded/VisDrone2019-DET-train/annotations/9999945_00000_d_0000009.txt	train
train	9999945_00000_d_0000017	/home/wangzhe/DroneP_VG/dataset/VisDroneSplit1000Guarded/VisDrone2019-DET-train/images/9999945_00000_d_0000017.jpg	/home/wangzhe/DroneP_VG/dataset/VisDroneSplit1000Guarded/VisDrone2019-DET-train/annotations/9999945_00000_d_0000017.txt	train
train	9999945_00000_d_0000018	/home/wangzhe/DroneP_VG/dataset/VisDroneSplit1000Guarded/VisDrone2019-DET-train/images/9999945_00000_d_0000018.jpg	/home/wangzhe/DroneP_VG/dataset/VisDroneSplit1000Guarded/VisDrone2019-DET-train/annotations/9999945_00000_d_0000018.txt	train
train	9999945_00000_d_0000028	/home/wangzhe/DroneP_VG/dataset/VisDroneSplit1000Guarded/VisDrone2019-DET-train/images/9999945_00000_d_0000028.jpg	/home/wangzhe/DroneP_VG/dataset/VisDroneSplit1000Guarded/VisDrone2019-DET-train/annotations/9999945_00000_d_0000028.txt	train
train	9999945_00000_d_0000035	/home/wangzhe/DroneP_VG/dataset/VisDroneSplit1000Guarded/VisDrone2019-DET-train/images/9999945_00000_d_0000035.jpg	/home/wangzhe/DroneP_VG/dataset/VisDroneSplit1000Guarded/VisDrone2019-DET-train/annotations/9999945_00000_d_0000035.txt	train
train	9999945_00000_d_0000049	/home/wangzhe/DroneP_VG/dataset/VisDroneSplit1000Guarded/VisDrone2019-DET-train/images/9999945_00000_d_0000049.jpg	/home/wangzhe/DroneP_VG/dataset/VisDroneSplit1000Guarded/VisDrone2019-DET-train/annotations/9999945_00000_d_0000049.txt	train
train	9999945_00000_d_0000052	/home/wangzhe/DroneP_VG/dataset/VisDroneSplit1000Guarded/VisDrone2019-DET-train/images/9999945_00000_d_0000052.jpg	/home/wangzhe/DroneP_VG/dataset/VisDroneSplit1000Guarded/VisDrone2019-DET-train/annotations/9999945_00000_d_0000052.txt	train
train	9999945_00000_d_0000063	/home/wangzhe/DroneP_VG/dataset/VisDroneSplit1000Guarded/VisDrone2019-DET-train/images/9999945_00000_d_0000063.jpg	/home/wangzhe/DroneP_VG/dataset/VisDroneSplit1000Guarded/VisDrone2019-DET-train/annotations/9999945_00000_d_0000063.txt	train
train	9999945_00000_d_0000065	/home/wangzhe/DroneP_VG/dataset/VisDroneSplit1000Guarded/VisDrone2019-DET-train/images/9999945_00000_d_0000065.jpg	/home/wangzhe/DroneP_VG/dataset/VisDroneSplit1000Guarded/VisDrone2019-DET-train/annotations/9999945_00000_d_0000065.txt	train
train	9999945_00000_d_0000072	/home/wangzhe/DroneP_VG/dataset/VisDroneSplit1000Guarded/VisDrone2019-DET-train/images/9999945_00000_d_0000072.jpg	/home/wangzhe/DroneP_VG/dataset/VisDroneSplit1000Guarded/VisDrone2019-DET-train/annotations/9999945_00000_d_0000072.txt	train
train	9999945_00000_d_0000075	/home/wangzhe/DroneP_VG/dataset/VisDroneSplit1000Guarded/VisDrone2019-DET-train/images/9999945_00000_d_0000075.jpg	/home/wangzhe/DroneP_VG/dataset/VisDroneSplit1000Guarded/VisDrone2019-DET-train/annotations/9999945_00000_d_0000075.txt	train
train	9999945_00000_d_0000102	/home/wangzhe/DroneP_VG/dataset/VisDroneSplit1000Guarded/VisDrone2019-DET-train/images/9999945_00000_d_0000102.jpg	/home/wangzhe/DroneP_VG/dataset/VisDroneSplit1000Guarded/VisDrone2019-DET-train/annotations/9999945_00000_d_0000102.txt	train
train	9999945_00000_d_0000105	/home/wangzhe/DroneP_VG/dataset/VisDroneSplit1000Guarded/VisDrone2019-DET-train/images/9999945_00000_d_0000105.jpg	/home/wangzhe/DroneP_VG/dataset/VisDroneSplit1000Guarded/VisDrone2019-DET-train/annotations/9999945_00000_d_0000105.txt	train
train	9999945_00000_d_0000107	/home/wangzhe/DroneP_VG/dataset/VisDroneSplit1000Guarded/VisDrone2019-DET-train/images/9999945_00000_d_0000107.jpg	/home/wangzhe/DroneP_VG/dataset/VisDroneSplit1000Guarded/VisDrone2019-DET-train/annotations/9999945_00000_d_0000107.txt	train
train	9999945_00000_d_0000108	/home/wangzhe/DroneP_VG/dataset/VisDroneSplit1000Guarded/VisDrone2019-DET-train/images/9999945_00000_d_0000108.jpg	/home/wangzhe/DroneP_VG/dataset/VisDroneSplit1000Guarded/VisDrone2019-DET-train/annotations/9999945_00000_d_0000108.txt	train
train	9999945_00000_d_0000133	/home/wangzhe/DroneP_VG/dataset/VisDroneSplit1000Guarded/VisDrone2019-DET-train/images/9999945_00000_d_0000133.jpg	/home/wangzhe/DroneP_VG/dataset/VisDroneSplit1000Guarded/VisDrone2019-DET-train/annotations/9999945_00000_d_0000133.txt	train
train	9999945_00000_d_0000136	/home/wangzhe/DroneP_VG/dataset/VisDroneSplit1000Guarded/VisDrone2019-DET-train/images/9999945_00000_d_0000136.jpg	/home/wangzhe/DroneP_VG/dataset/VisDroneSplit1000Guarded/VisDrone2019-DET-train/annotations/9999945_00000_d_0000136.txt	train
train	9999945_00000_d_0000139	/home/wangzhe/DroneP_VG/dataset/VisDroneSplit1000Guarded/VisDrone2019-DET-train/images/9999945_00000_d_0000139.jpg	/home/wangzhe/DroneP_VG/dataset/VisDroneSplit1000Guarded/VisDrone2019-DET-train/annotations/9999945_00000_d_0000139.txt	train
train	9999945_00000_d_0000160	/home/wangzhe/DroneP_VG/dataset/VisDroneSplit1000Guarded/VisDrone2019-DET-train/images/9999945_00000_d_0000160.jpg	/home/wangzhe/DroneP_VG/dataset/VisDroneSplit1000Guarded/VisDrone2019-DET-train/annotations/9999945_00000_d_0000160.txt	train
train	9999947_00000_d_0000015	/home/wangzhe/DroneP_VG/dataset/VisDroneSplit1000Guarded/VisDrone2019-DET-train/images/9999947_00000_d_0000015.jpg	/home/wangzhe/DroneP_VG/dataset/VisDroneSplit1000Guarded/VisDrone2019-DET-train/annotations/9999947_00000_d_0000015.txt	test
train	9999947_00000_d_0000025	/home/wangzhe/DroneP_VG/dataset/VisDroneSplit1000Guarded/VisDrone2019-DET-train/images/9999947_00000_d_0000025.jpg	/home/wangzhe/DroneP_VG/dataset/VisDroneSplit1000Guarded/VisDrone2019-DET-train/annotations/9999947_00000_d_0000025.txt	test
train	9999948_00000_d_0000003	/home/wangzhe/DroneP_VG/dataset/VisDroneSplit1000Guarded/VisDrone2019-DET-train/images/9999948_00000_d_0000003.jpg	/home/wangzhe/DroneP_VG/dataset/VisDroneSplit1000Guarded/VisDrone2019-DET-train/annotations/9999948_00000_d_0000003.txt	train
train	9999948_00000_d_0000017	/home/wangzhe/DroneP_VG/dataset/VisDroneSplit1000Guarded/VisDrone2019-DET-train/images/9999948_00000_d_0000017.jpg	/home/wangzhe/DroneP_VG/dataset/VisDroneSplit1000Guarded/VisDrone2019-DET-train/annotations/9999948_00000_d_0000017.txt	train
train	9999950_00000_d_0000022	/home/wangzhe/DroneP_VG/dataset/VisDroneSplit1000Guarded/VisDrone2019-DET-train/images/9999950_00000_d_0000022.jpg	/home/wangzhe/DroneP_VG/dataset/VisDroneSplit1000Guarded/VisDrone2019-DET-train/annotations/9999950_00000_d_0000022.txt	train
train	9999950_00000_d_0000039	/home/wangzhe/DroneP_VG/dataset/VisDroneSplit1000Guarded/VisDrone2019-DET-train/images/9999950_00000_d_0000039.jpg	/home/wangzhe/DroneP_VG/dataset/VisDroneSplit1000Guarded/VisDrone2019-DET-train/annotations/9999950_00000_d_0000039.txt	train
train	9999950_00000_d_0000051	/home/wangzhe/DroneP_VG/dataset/VisDroneSplit1000Guarded/VisDrone2019-DET-train/images/9999950_00000_d_0000051.jpg	/home/wangzhe/DroneP_VG/dataset/VisDroneSplit1000Guarded/VisDrone2019-DET-train/annotations/9999950_00000_d_0000051.txt	train
train	9999950_00000_d_0000063	/home/wangzhe/DroneP_VG/dataset/VisDroneSplit1000Guarded/VisDrone2019-DET-train/images/9999950_00000_d_0000063.jpg	/home/wangzhe/DroneP_VG/dataset/VisDroneSplit1000Guarded/VisDrone2019-DET-train/annotations/9999950_00000_d_0000063.txt	train
train	9999950_00000_d_0000069	/home/wangzhe/DroneP_VG/dataset/VisDroneSplit1000Guarded/VisDrone2019-DET-train/images/9999950_00000_d_0000069.jpg	/home/wangzhe/DroneP_VG/dataset/VisDroneSplit1000Guarded/VisDrone2019-DET-train/annotations/9999950_00000_d_0000069.txt	train
train	9999951_00000_d_0000004	/home/wangzhe/DroneP_VG/dataset/VisDroneSplit1000Guarded/VisDrone2019-DET-train/images/9999951_00000_d_0000004.jpg	/home/wangzhe/DroneP_VG/dataset/VisDroneSplit1000Guarded/VisDrone2019-DET-train/annotations/9999951_00000_d_0000004.txt	train
train	9999951_00000_d_0000033	/home/wangzhe/DroneP_VG/dataset/VisDroneSplit1000Guarded/VisDrone2019-DET-train/images/9999951_00000_d_0000033.jpg	/home/wangzhe/DroneP_VG/dataset/VisDroneSplit1000Guarded/VisDrone2019-DET-train/annotations/9999951_00000_d_0000033.txt	train
train	9999951_00000_d_0000041	/home/wangzhe/DroneP_VG/dataset/VisDroneSplit1000Guarded/VisDrone2019-DET-train/images/9999951_00000_d_0000041.jpg	/home/wangzhe/DroneP_VG/dataset/VisDroneSplit1000Guarded/VisDrone2019-DET-train/annotations/9999951_00000_d_0000041.txt	train
train	9999951_00000_d_0000042	/home/wangzhe/DroneP_VG/dataset/VisDroneSplit1000Guarded/VisDrone2019-DET-train/images/9999951_00000_d_0000042.jpg	/home/wangzhe/DroneP_VG/dataset/VisDroneSplit1000Guarded/VisDrone2019-DET-train/annotations/9999951_00000_d_0000042.txt	train
train	9999951_00000_d_0000063	/home/wangzhe/DroneP_VG/dataset/VisDroneSplit1000Guarded/VisDrone2019-DET-train/images/9999951_00000_d_0000063.jpg	/home/wangzhe/DroneP_VG/dataset/VisDroneSplit1000Guarded/VisDrone2019-DET-train/annotations/9999951_00000_d_0000063.txt	train
train	9999951_00000_d_0000067	/home/wangzhe/DroneP_VG/dataset/VisDroneSplit1000Guarded/VisDrone2019-DET-train/images/9999951_00000_d_0000067.jpg	/home/wangzhe/DroneP_VG/dataset/VisDroneSplit1000Guarded/VisDrone2019-DET-train/annotations/9999951_00000_d_0000067.txt	train
train	9999951_00000_d_0000072	/home/wangzhe/DroneP_VG/dataset/VisDroneSplit1000Guarded/VisDrone2019-DET-train/images/9999951_00000_d_0000072.jpg	/home/wangzhe/DroneP_VG/dataset/VisDroneSplit1000Guarded/VisDrone2019-DET-train/annotations/9999951_00000_d_0000072.txt	train
train	9999951_00000_d_0000076	/home/wangzhe/DroneP_VG/dataset/VisDroneSplit1000Guarded/VisDrone2019-DET-train/images/9999951_00000_d_0000076.jpg	/home/wangzhe/DroneP_VG/dataset/VisDroneSplit1000Guarded/VisDrone2019-DET-train/annotations/9999951_00000_d_0000076.txt	train
train	9999951_00000_d_0000082	/home/wangzhe/DroneP_VG/dataset/VisDroneSplit1000Guarded/VisDrone2019-DET-train/images/9999951_00000_d_0000082.jpg	/home/wangzhe/DroneP_VG/dataset/VisDroneSplit1000Guarded/VisDrone2019-DET-train/annotations/9999951_00000_d_0000082.txt	train
train	9999951_00000_d_0000109	/home/wangzhe/DroneP_VG/dataset/VisDroneSplit1000Guarded/VisDrone2019-DET-train/images/9999951_00000_d_0000109.jpg	/home/wangzhe/DroneP_VG/dataset/VisDroneSplit1000Guarded/VisDrone2019-DET-train/annotations/9999951_00000_d_0000109.txt	train
train	9999951_00000_d_0000146	/home/wangzhe/DroneP_VG/dataset/VisDroneSplit1000Guarded/VisDrone2019-DET-train/images/9999951_00000_d_0000146.jpg	/home/wangzhe/DroneP_VG/dataset/VisDroneSplit1000Guarded/VisDrone2019-DET-train/annotations/9999951_00000_d_0000146.txt	train
train	9999951_00000_d_0000149	/home/wangzhe/DroneP_VG/dataset/VisDroneSplit1000Guarded/VisDrone2019-DET-train/images/9999951_00000_d_0000149.jpg	/home/wangzhe/DroneP_VG/dataset/VisDroneSplit1000Guarded/VisDrone2019-DET-train/annotations/9999951_00000_d_0000149.txt	train
train	9999951_00000_d_0000154	/home/wangzhe/DroneP_VG/dataset/VisDroneSplit1000Guarded/VisDrone2019-DET-train/images/9999951_00000_d_0000154.jpg	/home/wangzhe/DroneP_VG/dataset/VisDroneSplit1000Guarded/VisDrone2019-DET-train/annotations/9999951_00000_d_0000154.txt	train
train	9999951_00000_d_0000167	/home/wangzhe/DroneP_VG/dataset/VisDroneSplit1000Guarded/VisDrone2019-DET-train/images/9999951_00000_d_0000167.jpg	/home/wangzhe/DroneP_VG/dataset/VisDroneSplit1000Guarded/VisDrone2019-DET-train/annotations/9999951_00000_d_0000167.txt	train
train	9999951_00000_d_0000177	/home/wangzhe/DroneP_VG/dataset/VisDroneSplit1000Guarded/VisDrone2019-DET-train/images/9999951_00000_d_0000177.jpg	/home/wangzhe/DroneP_VG/dataset/VisDroneSplit1000Guarded/VisDrone2019-DET-train/annotations/9999951_00000_d_0000177.txt	train
train	9999951_00000_d_0000196	/home/wangzhe/DroneP_VG/dataset/VisDroneSplit1000Guarded/VisDrone2019-DET-train/images/9999951_00000_d_0000196.jpg	/home/wangzhe/DroneP_VG/dataset/VisDroneSplit1000Guarded/VisDrone2019-DET-train/annotations/9999951_00000_d_0000196.txt	train
train	9999951_00000_d_0000197	/home/wangzhe/DroneP_VG/dataset/VisDroneSplit1000Guarded/VisDrone2019-DET-train/images/9999951_00000_d_0000197.jpg	/home/wangzhe/DroneP_VG/dataset/VisDroneSplit1000Guarded/VisDrone2019-DET-train/annotations/9999951_00000_d_0000197.txt	train
train	9999951_00000_d_0000221	/home/wangzhe/DroneP_VG/dataset/VisDroneSplit1000Guarded/VisDrone2019-DET-train/images/9999951_00000_d_0000221.jpg	/home/wangzhe/DroneP_VG/dataset/VisDroneSplit1000Guarded/VisDrone2019-DET-train/annotations/9999951_00000_d_0000221.txt	train
train	9999951_00000_d_0000230	/home/wangzhe/DroneP_VG/dataset/VisDroneSplit1000Guarded/VisDrone2019-DET-train/images/9999951_00000_d_0000230.jpg	/home/wangzhe/DroneP_VG/dataset/VisDroneSplit1000Guarded/VisDrone2019-DET-train/annotations/9999951_00000_d_0000230.txt	train
train	9999951_00000_d_0000242	/home/wangzhe/DroneP_VG/dataset/VisDroneSplit1000Guarded/VisDrone2019-DET-train/images/9999951_00000_d_0000242.jpg	/home/wangzhe/DroneP_VG/dataset/VisDroneSplit1000Guarded/VisDrone2019-DET-train/annotations/9999951_00000_d_0000242.txt	train
train	9999951_00000_d_0000293	/home/wangzhe/DroneP_VG/dataset/VisDroneSplit1000Guarded/VisDrone2019-DET-train/images/9999951_00000_d_0000293.jpg	/home/wangzhe/DroneP_VG/dataset/VisDroneSplit1000Guarded/VisDrone2019-DET-train/annotations/9999951_00000_d_0000293.txt	train
train	9999951_00000_d_0000317	/home/wangzhe/DroneP_VG/dataset/VisDroneSplit1000Guarded/VisDrone2019-DET-train/images/9999951_00000_d_0000317.jpg	/home/wangzhe/DroneP_VG/dataset/VisDroneSplit1000Guarded/VisDrone2019-DET-train/annotations/9999951_00000_d_0000317.txt	train
train	9999951_00000_d_0000322	/home/wangzhe/DroneP_VG/dataset/VisDroneSplit1000Guarded/VisDrone2019-DET-train/images/9999951_00000_d_0000322.jpg	/home/wangzhe/DroneP_VG/dataset/VisDroneSplit1000Guarded/VisDrone2019-DET-train/annotations/9999951_00000_d_0000322.txt	train
train	9999951_00000_d_0000333	/home/wangzhe/DroneP_VG/dataset/VisDroneSplit1000Guarded/VisDrone2019-DET-train/images/9999951_00000_d_0000333.jpg	/home/wangzhe/DroneP_VG/dataset/VisDroneSplit1000Guarded/VisDrone2019-DET-train/annotations/9999951_00000_d_0000333.txt	train
train	9999952_00000_d_0000032	/home/wangzhe/DroneP_VG/dataset/VisDroneSplit1000Guarded/VisDrone2019-DET-train/images/9999952_00000_d_0000032.jpg	/home/wangzhe/DroneP_VG/dataset/VisDroneSplit1000Guarded/VisDrone2019-DET-train/annotations/9999952_00000_d_0000032.txt	visdrone_test_100
train	9999952_00000_d_0000033	/home/wangzhe/DroneP_VG/dataset/VisDroneSplit1000Guarded/VisDrone2019-DET-train/images/9999952_00000_d_0000033.jpg	/home/wangzhe/DroneP_VG/dataset/VisDroneSplit1000Guarded/VisDrone2019-DET-train/annotations/9999952_00000_d_0000033.txt	visdrone_test_100
train	9999952_00000_d_0000034	/home/wangzhe/DroneP_VG/dataset/VisDroneSplit1000Guarded/VisDrone2019-DET-train/images/9999952_00000_d_0000034.jpg	/home/wangzhe/DroneP_VG/dataset/VisDroneSplit1000Guarded/VisDrone2019-DET-train/annotations/9999952_00000_d_0000034.txt	test
train	9999952_00000_d_0000085	/home/wangzhe/DroneP_VG/dataset/VisDroneSplit1000Guarded/VisDrone2019-DET-train/images/9999952_00000_d_0000085.jpg	/home/wangzhe/DroneP_VG/dataset/VisDroneSplit1000Guarded/VisDrone2019-DET-train/annotations/9999952_00000_d_0000085.txt	test
train	9999952_00000_d_0000095	/home/wangzhe/DroneP_VG/dataset/VisDroneSplit1000Guarded/VisDrone2019-DET-train/images/9999952_00000_d_0000095.jpg	/home/wangzhe/DroneP_VG/dataset/VisDroneSplit1000Guarded/VisDrone2019-DET-train/annotations/9999952_00000_d_0000095.txt	test
train	9999952_00000_d_0000096	/home/wangzhe/DroneP_VG/dataset/VisDroneSplit1000Guarded/VisDrone2019-DET-train/images/9999952_00000_d_0000096.jpg	/home/wangzhe/DroneP_VG/dataset/VisDroneSplit1000Guarded/VisDrone2019-DET-train/annotations/9999952_00000_d_0000096.txt	visdrone_test_100
train	9999952_00000_d_0000099	/home/wangzhe/DroneP_VG/dataset/VisDroneSplit1000Guarded/VisDrone2019-DET-train/images/9999952_00000_d_0000099.jpg	/home/wangzhe/DroneP_VG/dataset/VisDroneSplit1000Guarded/VisDrone2019-DET-train/annotations/9999952_00000_d_0000099.txt	test
train	9999952_00000_d_0000105	/home/wangzhe/DroneP_VG/dataset/VisDroneSplit1000Guarded/VisDrone2019-DET-train/images/9999952_00000_d_0000105.jpg	/home/wangzhe/DroneP_VG/dataset/VisDroneSplit1000Guarded/VisDrone2019-DET-train/annotations/9999952_00000_d_0000105.txt	test
train	9999952_00000_d_0000108	/home/wangzhe/DroneP_VG/dataset/VisDroneSplit1000Guarded/VisDrone2019-DET-train/images/9999952_00000_d_0000108.jpg	/home/wangzhe/DroneP_VG/dataset/VisDroneSplit1000Guarded/VisDrone2019-DET-train/annotations/9999952_00000_d_0000108.txt	visdrone_test_100
train	9999952_00000_d_0000111	/home/wangzhe/DroneP_VG/dataset/VisDroneSplit1000Guarded/VisDrone2019-DET-train/images/9999952_00000_d_0000111.jpg	/home/wangzhe/DroneP_VG/dataset/VisDroneSplit1000Guarded/VisDrone2019-DET-train/annotations/9999952_00000_d_0000111.txt	test
train	9999952_00000_d_0000114	/home/wangzhe/DroneP_VG/dataset/VisDroneSplit1000Guarded/VisDrone2019-DET-train/images/9999952_00000_d_0000114.jpg	/home/wangzhe/DroneP_VG/dataset/VisDroneSplit1000Guarded/VisDrone2019-DET-train/annotations/9999952_00000_d_0000114.txt	visdrone_test_100
train	9999952_00000_d_0000132	/home/wangzhe/DroneP_VG/dataset/VisDroneSplit1000Guarded/VisDrone2019-DET-train/images/9999952_00000_d_0000132.jpg	/home/wangzhe/DroneP_VG/dataset/VisDroneSplit1000Guarded/VisDrone2019-DET-train/annotations/9999952_00000_d_0000132.txt	test
train	9999952_00000_d_0000134	/home/wangzhe/DroneP_VG/dataset/VisDroneSplit1000Guarded/VisDrone2019-DET-train/images/9999952_00000_d_0000134.jpg	/home/wangzhe/DroneP_VG/dataset/VisDroneSplit1000Guarded/VisDrone2019-DET-train/annotations/9999952_00000_d_0000134.txt	test
train	9999952_00000_d_0000147	/home/wangzhe/DroneP_VG/dataset/VisDroneSplit1000Guarded/VisDrone2019-DET-train/images/9999952_00000_d_0000147.jpg	/home/wangzhe/DroneP_VG/dataset/VisDroneSplit1000Guarded/VisDrone2019-DET-train/annotations/9999952_00000_d_0000147.txt	test
train	9999952_00000_d_0000168	/home/wangzhe/DroneP_VG/dataset/VisDroneSplit1000Guarded/VisDrone2019-DET-train/images/9999952_00000_d_0000168.jpg	/home/wangzhe/DroneP_VG/dataset/VisDroneSplit1000Guarded/VisDrone2019-DET-train/annotations/9999952_00000_d_0000168.txt	test
train	9999952_00000_d_0000177	/home/wangzhe/DroneP_VG/dataset/VisDroneSplit1000Guarded/VisDrone2019-DET-train/images/9999952_00000_d_0000177.jpg	/home/wangzhe/DroneP_VG/dataset/VisDroneSplit1000Guarded/VisDrone2019-DET-train/annotations/9999952_00000_d_0000177.txt	test
train	9999952_00000_d_0000195	/home/wangzhe/DroneP_VG/dataset/VisDroneSplit1000Guarded/VisDrone2019-DET-train/images/9999952_00000_d_0000195.jpg	/home/wangzhe/DroneP_VG/dataset/VisDroneSplit1000Guarded/VisDrone2019-DET-train/annotations/9999952_00000_d_0000195.txt	test
train	9999952_00000_d_0000202	/home/wangzhe/DroneP_VG/dataset/VisDroneSplit1000Guarded/VisDrone2019-DET-train/images/9999952_00000_d_0000202.jpg	/home/wangzhe/DroneP_VG/dataset/VisDroneSplit1000Guarded/VisDrone2019-DET-train/annotations/9999952_00000_d_0000202.txt	visdrone_test_100
train	9999952_00000_d_0000213	/home/wangzhe/DroneP_VG/dataset/VisDroneSplit1000Guarded/VisDrone2019-DET-train/images/9999952_00000_d_0000213.jpg	/home/wangzhe/DroneP_VG/dataset/VisDroneSplit1000Guarded/VisDrone2019-DET-train/annotations/9999952_00000_d_0000213.txt	test
train	9999952_00000_d_0000217	/home/wangzhe/DroneP_VG/dataset/VisDroneSplit1000Guarded/VisDrone2019-DET-train/images/9999952_00000_d_0000217.jpg	/home/wangzhe/DroneP_VG/dataset/VisDroneSplit1000Guarded/VisDrone2019-DET-train/annotations/9999952_00000_d_0000217.txt	test
train	9999952_00000_d_0000224	/home/wangzhe/DroneP_VG/dataset/VisDroneSplit1000Guarded/VisDrone2019-DET-train/images/9999952_00000_d_0000224.jpg	/home/wangzhe/DroneP_VG/dataset/VisDroneSplit1000Guarded/VisDrone2019-DET-train/annotations/9999952_00000_d_0000224.txt	test
train	9999952_00000_d_0000235	/home/wangzhe/DroneP_VG/dataset/VisDroneSplit1000Guarded/VisDrone2019-DET-train/images/9999952_00000_d_0000235.jpg	/home/wangzhe/DroneP_VG/dataset/VisDroneSplit1000Guarded/VisDrone2019-DET-train/annotations/9999952_00000_d_0000235.txt	test
train	9999952_00000_d_0000256	/home/wangzhe/DroneP_VG/dataset/VisDroneSplit1000Guarded/VisDrone2019-DET-train/images/9999952_00000_d_0000256.jpg	/home/wangzhe/DroneP_VG/dataset/VisDroneSplit1000Guarded/VisDrone2019-DET-train/annotations/9999952_00000_d_0000256.txt	test
train	9999952_00000_d_0000261	/home/wangzhe/DroneP_VG/dataset/VisDroneSplit1000Guarded/VisDrone2019-DET-train/images/9999952_00000_d_0000261.jpg	/home/wangzhe/DroneP_VG/dataset/VisDroneSplit1000Guarded/VisDrone2019-DET-train/annotations/9999952_00000_d_0000261.txt	visdrone_test_100
train	9999952_00000_d_0000263	/home/wangzhe/DroneP_VG/dataset/VisDroneSplit1000Guarded/VisDrone2019-DET-train/images/9999952_00000_d_0000263.jpg	/home/wangzhe/DroneP_VG/dataset/VisDroneSplit1000Guarded/VisDrone2019-DET-train/annotations/9999952_00000_d_0000263.txt	test
train	9999952_00000_d_0000266	/home/wangzhe/DroneP_VG/dataset/VisDroneSplit1000Guarded/VisDrone2019-DET-train/images/9999952_00000_d_0000266.jpg	/home/wangzhe/DroneP_VG/dataset/VisDroneSplit1000Guarded/VisDrone2019-DET-train/annotations/9999952_00000_d_0000266.txt	visdrone_test_100
train	9999952_00000_d_0000269	/home/wangzhe/DroneP_VG/dataset/VisDroneSplit1000Guarded/VisDrone2019-DET-train/images/9999952_00000_d_0000269.jpg	/home/wangzhe/DroneP_VG/dataset/VisDroneSplit1000Guarded/VisDrone2019-DET-train/annotations/9999952_00000_d_0000269.txt	test
train	9999952_00000_d_0000277	/home/wangzhe/DroneP_VG/dataset/VisDroneSplit1000Guarded/VisDrone2019-DET-train/images/9999952_00000_d_0000277.jpg	/home/wangzhe/DroneP_VG/dataset/VisDroneSplit1000Guarded/VisDrone2019-DET-train/annotations/9999952_00000_d_0000277.txt	test
train	9999952_00000_d_0000298	/home/wangzhe/DroneP_VG/dataset/VisDroneSplit1000Guarded/VisDrone2019-DET-train/images/9999952_00000_d_0000298.jpg	/home/wangzhe/DroneP_VG/dataset/VisDroneSplit1000Guarded/VisDrone2019-DET-train/annotations/9999952_00000_d_0000298.txt	visdrone_test_100
train	9999952_00000_d_0000302	/home/wangzhe/DroneP_VG/dataset/VisDroneSplit1000Guarded/VisDrone2019-DET-train/images/9999952_00000_d_0000302.jpg	/home/wangzhe/DroneP_VG/dataset/VisDroneSplit1000Guarded/VisDrone2019-DET-train/annotations/9999952_00000_d_0000302.txt	test
train	9999952_00000_d_0000308	/home/wangzhe/DroneP_VG/dataset/VisDroneSplit1000Guarded/VisDrone2019-DET-train/images/9999952_00000_d_0000308.jpg	/home/wangzhe/DroneP_VG/dataset/VisDroneSplit1000Guarded/VisDrone2019-DET-train/annotations/9999952_00000_d_0000308.txt	visdrone_test_100
train	9999952_00000_d_0000309	/home/wangzhe/DroneP_VG/dataset/VisDroneSplit1000Guarded/VisDrone2019-DET-train/images/9999952_00000_d_0000309.jpg	/home/wangzhe/DroneP_VG/dataset/VisDroneSplit1000Guarded/VisDrone2019-DET-train/annotations/9999952_00000_d_0000309.txt	test
train	9999952_00000_d_0000317	/home/wangzhe/DroneP_VG/dataset/VisDroneSplit1000Guarded/VisDrone2019-DET-train/images/9999952_00000_d_0000317.jpg	/home/wangzhe/DroneP_VG/dataset/VisDroneSplit1000Guarded/VisDrone2019-DET-train/annotations/9999952_00000_d_0000317.txt	visdrone_test_100
train	9999952_00000_d_0000321	/home/wangzhe/DroneP_VG/dataset/VisDroneSplit1000Guarded/VisDrone2019-DET-train/images/9999952_00000_d_0000321.jpg	/home/wangzhe/DroneP_VG/dataset/VisDroneSplit1000Guarded/VisDrone2019-DET-train/annotations/9999952_00000_d_0000321.txt	test
train	9999952_00000_d_0000332	/home/wangzhe/DroneP_VG/dataset/VisDroneSplit1000Guarded/VisDrone2019-DET-train/images/9999952_00000_d_0000332.jpg	/home/wangzhe/DroneP_VG/dataset/VisDroneSplit1000Guarded/VisDrone2019-DET-train/annotations/9999952_00000_d_0000332.txt	test
train	9999952_00000_d_0000338	/home/wangzhe/DroneP_VG/dataset/VisDroneSplit1000Guarded/VisDrone2019-DET-train/images/9999952_00000_d_0000338.jpg	/home/wangzhe/DroneP_VG/dataset/VisDroneSplit1000Guarded/VisDrone2019-DET-train/annotations/9999952_00000_d_0000338.txt	test
train	9999952_00000_d_0000340	/home/wangzhe/DroneP_VG/dataset/VisDroneSplit1000Guarded/VisDrone2019-DET-train/images/9999952_00000_d_0000340.jpg	/home/wangzhe/DroneP_VG/dataset/VisDroneSplit1000Guarded/VisDrone2019-DET-train/annotations/9999952_00000_d_0000340.txt	test
train	9999953_00000_d_0000008	/home/wangzhe/DroneP_VG/dataset/VisDroneSplit1000Guarded/VisDrone2019-DET-train/images/9999953_00000_d_0000008.jpg	/home/wangzhe/DroneP_VG/dataset/VisDroneSplit1000Guarded/VisDrone2019-DET-train/annotations/9999953_00000_d_0000008.txt	train
train	9999953_00000_d_0000009	/home/wangzhe/DroneP_VG/dataset/VisDroneSplit1000Guarded/VisDrone2019-DET-train/images/9999953_00000_d_0000009.jpg	/home/wangzhe/DroneP_VG/dataset/VisDroneSplit1000Guarded/VisDrone2019-DET-train/annotations/9999953_00000_d_0000009.txt	train
train	9999953_00000_d_0000013	/home/wangzhe/DroneP_VG/dataset/VisDroneSplit1000Guarded/VisDrone2019-DET-train/images/9999953_00000_d_0000013.jpg	/home/wangzhe/DroneP_VG/dataset/VisDroneSplit1000Guarded/VisDrone2019-DET-train/annotations/9999953_00000_d_0000013.txt	train
train	9999953_00000_d_0000060	/home/wangzhe/DroneP_VG/dataset/VisDroneSplit1000Guarded/VisDrone2019-DET-train/images/9999953_00000_d_0000060.jpg	/home/wangzhe/DroneP_VG/dataset/VisDroneSplit1000Guarded/VisDrone2019-DET-train/annotations/9999953_00000_d_0000060.txt	train
train	9999953_00000_d_0000070	/home/wangzhe/DroneP_VG/dataset/VisDroneSplit1000Guarded/VisDrone2019-DET-train/images/9999953_00000_d_0000070.jpg	/home/wangzhe/DroneP_VG/dataset/VisDroneSplit1000Guarded/VisDrone2019-DET-train/annotations/9999953_00000_d_0000070.txt	train
train	9999953_00000_d_0000071	/home/wangzhe/DroneP_VG/dataset/VisDroneSplit1000Guarded/VisDrone2019-DET-train/images/9999953_00000_d_0000071.jpg	/home/wangzhe/DroneP_VG/dataset/VisDroneSplit1000Guarded/VisDrone2019-DET-train/annotations/9999953_00000_d_0000071.txt	train
train	9999953_00000_d_0000086	/home/wangzhe/DroneP_VG/dataset/VisDroneSplit1000Guarded/VisDrone2019-DET-train/images/9999953_00000_d_0000086.jpg	/home/wangzhe/DroneP_VG/dataset/VisDroneSplit1000Guarded/VisDrone2019-DET-train/annotations/9999953_00000_d_0000086.txt	train
train	9999953_00000_d_0000093	/home/wangzhe/DroneP_VG/dataset/VisDroneSplit1000Guarded/VisDrone2019-DET-train/images/9999953_00000_d_0000093.jpg	/home/wangzhe/DroneP_VG/dataset/VisDroneSplit1000Guarded/VisDrone2019-DET-train/annotations/9999953_00000_d_0000093.txt	train
train	9999953_00000_d_0000096	/home/wangzhe/DroneP_VG/dataset/VisDroneSplit1000Guarded/VisDrone2019-DET-train/images/9999953_00000_d_0000096.jpg	/home/wangzhe/DroneP_VG/dataset/VisDroneSplit1000Guarded/VisDrone2019-DET-train/annotations/9999953_00000_d_0000096.txt	train
train	9999953_00000_d_0000113	/home/wangzhe/DroneP_VG/dataset/VisDroneSplit1000Guarded/VisDrone2019-DET-train/images/9999953_00000_d_0000113.jpg	/home/wangzhe/DroneP_VG/dataset/VisDroneSplit1000Guarded/VisDrone2019-DET-train/annotations/9999953_00000_d_0000113.txt	train
train	9999953_00000_d_0000119	/home/wangzhe/DroneP_VG/dataset/VisDroneSplit1000Guarded/VisDrone2019-DET-train/images/9999953_00000_d_0000119.jpg	/home/wangzhe/DroneP_VG/dataset/VisDroneSplit1000Guarded/VisDrone2019-DET-train/annotations/9999953_00000_d_0000119.txt	train
train	9999953_00000_d_0000127	/home/wangzhe/DroneP_VG/dataset/VisDroneSplit1000Guarded/VisDrone2019-DET-train/images/9999953_00000_d_0000127.jpg	/home/wangzhe/DroneP_VG/dataset/VisDroneSplit1000Guarded/VisDrone2019-DET-train/annotations/9999953_00000_d_0000127.txt	train
train	9999953_00000_d_0000139	/home/wangzhe/DroneP_VG/dataset/VisDroneSplit1000Guarded/VisDrone2019-DET-train/images/9999953_00000_d_0000139.jpg	/home/wangzhe/DroneP_VG/dataset/VisDroneSplit1000Guarded/VisDrone2019-DET-train/annotations/9999953_00000_d_0000139.txt	train
train	9999953_00000_d_0000157	/home/wangzhe/DroneP_VG/dataset/VisDroneSplit1000Guarded/VisDrone2019-DET-train/images/9999953_00000_d_0000157.jpg	/home/wangzhe/DroneP_VG/dataset/VisDroneSplit1000Guarded/VisDrone2019-DET-train/annotations/9999953_00000_d_0000157.txt	train
train	9999953_00000_d_0000179	/home/wangzhe/DroneP_VG/dataset/VisDroneSplit1000Guarded/VisDrone2019-DET-train/images/9999953_00000_d_0000179.jpg	/home/wangzhe/DroneP_VG/dataset/VisDroneSplit1000Guarded/VisDrone2019-DET-train/annotations/9999953_00000_d_0000179.txt	train
train	9999953_00000_d_0000183	/home/wangzhe/DroneP_VG/dataset/VisDroneSplit1000Guarded/VisDrone2019-DET-train/images/9999953_00000_d_0000183.jpg	/home/wangzhe/DroneP_VG/dataset/VisDroneSplit1000Guarded/VisDrone2019-DET-train/annotations/9999953_00000_d_0000183.txt	train
train	9999953_00000_d_0000218	/home/wangzhe/DroneP_VG/dataset/VisDroneSplit1000Guarded/VisDrone2019-DET-train/images/9999953_00000_d_0000218.jpg	/home/wangzhe/DroneP_VG/dataset/VisDroneSplit1000Guarded/VisDrone2019-DET-train/annotations/9999953_00000_d_0000218.txt	train
train	9999953_00000_d_0000223	/home/wangzhe/DroneP_VG/dataset/VisDroneSplit1000Guarded/VisDrone2019-DET-train/images/9999953_00000_d_0000223.jpg	/home/wangzhe/DroneP_VG/dataset/VisDroneSplit1000Guarded/VisDrone2019-DET-train/annotations/9999953_00000_d_0000223.txt	train
train	9999953_00000_d_0000225	/home/wangzhe/DroneP_VG/dataset/VisDroneSplit1000Guarded/VisDrone2019-DET-train/images/9999953_00000_d_0000225.jpg	/home/wangzhe/DroneP_VG/dataset/VisDroneSplit1000Guarded/VisDrone2019-DET-train/annotations/9999953_00000_d_0000225.txt	train
train	9999953_00000_d_0000228	/home/wangzhe/DroneP_VG/dataset/VisDroneSplit1000Guarded/VisDrone2019-DET-train/images/9999953_00000_d_0000228.jpg	/home/wangzhe/DroneP_VG/dataset/VisDroneSplit1000Guarded/VisDrone2019-DET-train/annotations/9999953_00000_d_0000228.txt	train
train	9999953_00000_d_0000231	/home/wangzhe/DroneP_VG/dataset/VisDroneSplit1000Guarded/VisDrone2019-DET-train/images/9999953_00000_d_0000231.jpg	/home/wangzhe/DroneP_VG/dataset/VisDroneSplit1000Guarded/VisDrone2019-DET-train/annotations/9999953_00000_d_0000231.txt	train
train	9999955_00000_d_0000008	/home/wangzhe/DroneP_VG/dataset/VisDroneSplit1000Guarded/VisDrone2019-DET-train/images/9999955_00000_d_0000008.jpg	/home/wangzhe/DroneP_VG/dataset/VisDroneSplit1000Guarded/VisDrone2019-DET-train/annotations/9999955_00000_d_0000008.txt	train
train	9999955_00000_d_0000031	/home/wangzhe/DroneP_VG/dataset/VisDroneSplit1000Guarded/VisDrone2019-DET-train/images/9999955_00000_d_0000031.jpg	/home/wangzhe/DroneP_VG/dataset/VisDroneSplit1000Guarded/VisDrone2019-DET-train/annotations/9999955_00000_d_0000031.txt	train
train	9999955_00000_d_0000060	/home/wangzhe/DroneP_VG/dataset/VisDroneSplit1000Guarded/VisDrone2019-DET-train/images/9999955_00000_d_0000060.jpg	/home/wangzhe/DroneP_VG/dataset/VisDroneSplit1000Guarded/VisDrone2019-DET-train/annotations/9999955_00000_d_0000060.txt	train
train	9999955_00000_d_0000073	/home/wangzhe/DroneP_VG/dataset/VisDroneSplit1000Guarded/VisDrone2019-DET-train/images/9999955_00000_d_0000073.jpg	/home/wangzhe/DroneP_VG/dataset/VisDroneSplit1000Guarded/VisDrone2019-DET-train/annotations/9999955_00000_d_0000073.txt	train
train	9999955_00000_d_0000081	/home/wangzhe/DroneP_VG/dataset/VisDroneSplit1000Guarded/VisDrone2019-DET-train/images/9999955_00000_d_0000081.jpg	/home/wangzhe/DroneP_VG/dataset/VisDroneSplit1000Guarded/VisDrone2019-DET-train/annotations/9999955_00000_d_0000081.txt	train
train	9999955_00000_d_0000087	/home/wangzhe/DroneP_VG/dataset/VisDroneSplit1000Guarded/VisDrone2019-DET-train/images/9999955_00000_d_0000087.jpg	/home/wangzhe/DroneP_VG/dataset/VisDroneSplit1000Guarded/VisDrone2019-DET-train/annotations/9999955_00000_d_0000087.txt	train
train	9999955_00000_d_0000092	/home/wangzhe/DroneP_VG/dataset/VisDroneSplit1000Guarded/VisDrone2019-DET-train/images/9999955_00000_d_0000092.jpg	/home/wangzhe/DroneP_VG/dataset/VisDroneSplit1000Guarded/VisDrone2019-DET-train/annotations/9999955_00000_d_0000092.txt	train
train	9999955_00000_d_0000095	/home/wangzhe/DroneP_VG/dataset/VisDroneSplit1000Guarded/VisDrone2019-DET-train/images/9999955_00000_d_0000095.jpg	/home/wangzhe/DroneP_VG/dataset/VisDroneSplit1000Guarded/VisDrone2019-DET-train/annotations/9999955_00000_d_0000095.txt	train
train	9999955_00000_d_0000099	/home/wangzhe/DroneP_VG/dataset/VisDroneSplit1000Guarded/VisDrone2019-DET-train/images/9999955_00000_d_0000099.jpg	/home/wangzhe/DroneP_VG/dataset/VisDroneSplit1000Guarded/VisDrone2019-DET-train/annotations/9999955_00000_d_0000099.txt	train
train	9999955_00000_d_0000100	/home/wangzhe/DroneP_VG/dataset/VisDroneSplit1000Guarded/VisDrone2019-DET-train/images/9999955_00000_d_0000100.jpg	/home/wangzhe/DroneP_VG/dataset/VisDroneSplit1000Guarded/VisDrone2019-DET-train/annotations/9999955_00000_d_0000100.txt	train
train	9999955_00000_d_0000102	/home/wangzhe/DroneP_VG/dataset/VisDroneSplit1000Guarded/VisDrone2019-DET-train/images/9999955_00000_d_0000102.jpg	/home/wangzhe/DroneP_VG/dataset/VisDroneSplit1000Guarded/VisDrone2019-DET-train/annotations/9999955_00000_d_0000102.txt	train
train	9999955_00000_d_0000109	/home/wangzhe/DroneP_VG/dataset/VisDroneSplit1000Guarded/VisDrone2019-DET-train/images/9999955_00000_d_0000109.jpg	/home/wangzhe/DroneP_VG/dataset/VisDroneSplit1000Guarded/VisDrone2019-DET-train/annotations/9999955_00000_d_0000109.txt	train
train	9999955_00000_d_0000163	/home/wangzhe/DroneP_VG/dataset/VisDroneSplit1000Guarded/VisDrone2019-DET-train/images/9999955_00000_d_0000163.jpg	/home/wangzhe/DroneP_VG/dataset/VisDroneSplit1000Guarded/VisDrone2019-DET-train/annotations/9999955_00000_d_0000163.txt	train
train	9999955_00000_d_0000185	/home/wangzhe/DroneP_VG/dataset/VisDroneSplit1000Guarded/VisDrone2019-DET-train/images/9999955_00000_d_0000185.jpg	/home/wangzhe/DroneP_VG/dataset/VisDroneSplit1000Guarded/VisDrone2019-DET-train/annotations/9999955_00000_d_0000185.txt	train
train	9999955_00000_d_0000192	/home/wangzhe/DroneP_VG/dataset/VisDroneSplit1000Guarded/VisDrone2019-DET-train/images/9999955_00000_d_0000192.jpg	/home/wangzhe/DroneP_VG/dataset/VisDroneSplit1000Guarded/VisDrone2019-DET-train/annotations/9999955_00000_d_0000192.txt	train
train	9999955_00000_d_0000195	/home/wangzhe/DroneP_VG/dataset/VisDroneSplit1000Guarded/VisDrone2019-DET-train/images/9999955_00000_d_0000195.jpg	/home/wangzhe/DroneP_VG/dataset/VisDroneSplit1000Guarded/VisDrone2019-DET-train/annotations/9999955_00000_d_0000195.txt	train
train	9999955_00000_d_0000196	/home/wangzhe/DroneP_VG/dataset/VisDroneSplit1000Guarded/VisDrone2019-DET-train/images/9999955_00000_d_0000196.jpg	/home/wangzhe/DroneP_VG/dataset/VisDroneSplit1000Guarded/VisDrone2019-DET-train/annotations/9999955_00000_d_0000196.txt	train
train	9999955_00000_d_0000209	/home/wangzhe/DroneP_VG/dataset/VisDroneSplit1000Guarded/VisDrone2019-DET-train/images/9999955_00000_d_0000209.jpg	/home/wangzhe/DroneP_VG/dataset/VisDroneSplit1000Guarded/VisDrone2019-DET-train/annotations/9999955_00000_d_0000209.txt	train
train	9999955_00000_d_0000233	/home/wangzhe/DroneP_VG/dataset/VisDroneSplit1000Guarded/VisDrone2019-DET-train/images/9999955_00000_d_0000233.jpg	/home/wangzhe/DroneP_VG/dataset/VisDroneSplit1000Guarded/VisDrone2019-DET-train/annotations/9999955_00000_d_0000233.txt	train
train	9999955_00000_d_0000249	/home/wangzhe/DroneP_VG/dataset/VisDroneSplit1000Guarded/VisDrone2019-DET-train/images/9999955_00000_d_0000249.jpg	/home/wangzhe/DroneP_VG/dataset/VisDroneSplit1000Guarded/VisDrone2019-DET-train/annotations/9999955_00000_d_0000249.txt	train
train	9999955_00000_d_0000257	/home/wangzhe/DroneP_VG/dataset/VisDroneSplit1000Guarded/VisDrone2019-DET-train/images/9999955_00000_d_0000257.jpg	/home/wangzhe/DroneP_VG/dataset/VisDroneSplit1000Guarded/VisDrone2019-DET-train/annotations/9999955_00000_d_0000257.txt	train
train	9999955_00000_d_0000258	/home/wangzhe/DroneP_VG/dataset/VisDroneSplit1000Guarded/VisDrone2019-DET-train/images/9999955_00000_d_0000258.jpg	/home/wangzhe/DroneP_VG/dataset/VisDroneSplit1000Guarded/VisDrone2019-DET-train/annotations/9999955_00000_d_0000258.txt	train
train	9999955_00000_d_0000278	/home/wangzhe/DroneP_VG/dataset/VisDroneSplit1000Guarded/VisDrone2019-DET-train/images/9999955_00000_d_0000278.jpg	/home/wangzhe/DroneP_VG/dataset/VisDroneSplit1000Guarded/VisDrone2019-DET-train/annotations/9999955_00000_d_0000278.txt	train
train	9999955_00000_d_0000303	/home/wangzhe/DroneP_VG/dataset/VisDroneSplit1000Guarded/VisDrone2019-DET-train/images/9999955_00000_d_0000303.jpg	/home/wangzhe/DroneP_VG/dataset/VisDroneSplit1000Guarded/VisDrone2019-DET-train/annotations/9999955_00000_d_0000303.txt	train
train	9999955_00000_d_0000314	/home/wangzhe/DroneP_VG/dataset/VisDroneSplit1000Guarded/VisDrone2019-DET-train/images/9999955_00000_d_0000314.jpg	/home/wangzhe/DroneP_VG/dataset/VisDroneSplit1000Guarded/VisDrone2019-DET-train/annotations/9999955_00000_d_0000314.txt	train
train	9999955_00000_d_0000321	/home/wangzhe/DroneP_VG/dataset/VisDroneSplit1000Guarded/VisDrone2019-DET-train/images/9999955_00000_d_0000321.jpg	/home/wangzhe/DroneP_VG/dataset/VisDroneSplit1000Guarded/VisDrone2019-DET-train/annotations/9999955_00000_d_0000321.txt	train
train	9999955_00000_d_0000334	/home/wangzhe/DroneP_VG/dataset/VisDroneSplit1000Guarded/VisDrone2019-DET-train/images/9999955_00000_d_0000334.jpg	/home/wangzhe/DroneP_VG/dataset/VisDroneSplit1000Guarded/VisDrone2019-DET-train/annotations/9999955_00000_d_0000334.txt	train
train	9999955_00000_d_0000337	/home/wangzhe/DroneP_VG/dataset/VisDroneSplit1000Guarded/VisDrone2019-DET-train/images/9999955_00000_d_0000337.jpg	/home/wangzhe/DroneP_VG/dataset/VisDroneSplit1000Guarded/VisDrone2019-DET-train/annotations/9999955_00000_d_0000337.txt	train
train	9999955_00000_d_0000351	/home/wangzhe/DroneP_VG/dataset/VisDroneSplit1000Guarded/VisDrone2019-DET-train/images/9999955_00000_d_0000351.jpg	/home/wangzhe/DroneP_VG/dataset/VisDroneSplit1000Guarded/VisDrone2019-DET-train/annotations/9999955_00000_d_0000351.txt	train
train	9999955_00000_d_0000369	/home/wangzhe/DroneP_VG/dataset/VisDroneSplit1000Guarded/VisDrone2019-DET-train/images/9999955_00000_d_0000369.jpg	/home/wangzhe/DroneP_VG/dataset/VisDroneSplit1000Guarded/VisDrone2019-DET-train/annotations/9999955_00000_d_0000369.txt	train
train	9999955_00000_d_0000390	/home/wangzhe/DroneP_VG/dataset/VisDroneSplit1000Guarded/VisDrone2019-DET-train/images/9999955_00000_d_0000390.jpg	/home/wangzhe/DroneP_VG/dataset/VisDroneSplit1000Guarded/VisDrone2019-DET-train/annotations/9999955_00000_d_0000390.txt	train
train	9999955_00000_d_0000394	/home/wangzhe/DroneP_VG/dataset/VisDroneSplit1000Guarded/VisDrone2019-DET-train/images/9999955_00000_d_0000394.jpg	/home/wangzhe/DroneP_VG/dataset/VisDroneSplit1000Guarded/VisDrone2019-DET-train/annotations/9999955_00000_d_0000394.txt	train
train	9999955_00000_d_0000409	/home/wangzhe/DroneP_VG/dataset/VisDroneSplit1000Guarded/VisDrone2019-DET-train/images/9999955_00000_d_0000409.jpg	/home/wangzhe/DroneP_VG/dataset/VisDroneSplit1000Guarded/VisDrone2019-DET-train/annotations/9999955_00000_d_0000409.txt	train
train	9999955_00000_d_0000410	/home/wangzhe/DroneP_VG/dataset/VisDroneSplit1000Guarded/VisDrone2019-DET-train/images/9999955_00000_d_0000410.jpg	/home/wangzhe/DroneP_VG/dataset/VisDroneSplit1000Guarded/VisDrone2019-DET-train/annotations/9999955_00000_d_0000410.txt	train
train	9999955_00000_d_0000429	/home/wangzhe/DroneP_VG/dataset/VisDroneSplit1000Guarded/VisDrone2019-DET-train/images/9999955_00000_d_0000429.jpg	/home/wangzhe/DroneP_VG/dataset/VisDroneSplit1000Guarded/VisDrone2019-DET-train/annotations/9999955_00000_d_0000429.txt	train
train	9999956_00000_d_0000014	/home/wangzhe/DroneP_VG/dataset/VisDroneSplit1000Guarded/VisDrone2019-DET-train/images/9999956_00000_d_0000014.jpg	/home/wangzhe/DroneP_VG/dataset/VisDroneSplit1000Guarded/VisDrone2019-DET-train/annotations/9999956_00000_d_0000014.txt	train
train	9999956_00000_d_0000027	/home/wangzhe/DroneP_VG/dataset/VisDroneSplit1000Guarded/VisDrone2019-DET-train/images/9999956_00000_d_0000027.jpg	/home/wangzhe/DroneP_VG/dataset/VisDroneSplit1000Guarded/VisDrone2019-DET-train/annotations/9999956_00000_d_0000027.txt	train
train	9999956_00000_d_0000034	/home/wangzhe/DroneP_VG/dataset/VisDroneSplit1000Guarded/VisDrone2019-DET-train/images/9999956_00000_d_0000034.jpg	/home/wangzhe/DroneP_VG/dataset/VisDroneSplit1000Guarded/VisDrone2019-DET-train/annotations/9999956_00000_d_0000034.txt	train
train	9999956_00000_d_0000035	/home/wangzhe/DroneP_VG/dataset/VisDroneSplit1000Guarded/VisDrone2019-DET-train/images/9999956_00000_d_0000035.jpg	/home/wangzhe/DroneP_VG/dataset/VisDroneSplit1000Guarded/VisDrone2019-DET-train/annotations/9999956_00000_d_0000035.txt	train
train	9999956_00000_d_0000063	/home/wangzhe/DroneP_VG/dataset/VisDroneSplit1000Guarded/VisDrone2019-DET-train/images/9999956_00000_d_0000063.jpg	/home/wangzhe/DroneP_VG/dataset/VisDroneSplit1000Guarded/VisDrone2019-DET-train/annotations/9999956_00000_d_0000063.txt	train
train	9999956_00000_d_0000068	/home/wangzhe/DroneP_VG/dataset/VisDroneSplit1000Guarded/VisDrone2019-DET-train/images/9999956_00000_d_0000068.jpg	/home/wangzhe/DroneP_VG/dataset/VisDroneSplit1000Guarded/VisDrone2019-DET-train/annotations/9999956_00000_d_0000068.txt	train
train	9999956_00000_d_0000084	/home/wangzhe/DroneP_VG/dataset/VisDroneSplit1000Guarded/VisDrone2019-DET-train/images/9999956_00000_d_0000084.jpg	/home/wangzhe/DroneP_VG/dataset/VisDroneSplit1000Guarded/VisDrone2019-DET-train/annotations/9999956_00000_d_0000084.txt	train
train	9999956_00000_d_0000094	/home/wangzhe/DroneP_VG/dataset/VisDroneSplit1000Guarded/VisDrone2019-DET-train/images/9999956_00000_d_0000094.jpg	/home/wangzhe/DroneP_VG/dataset/VisDroneSplit1000Guarded/VisDrone2019-DET-train/annotations/9999956_00000_d_0000094.txt	train
train	9999960_00000_d_0000010	/home/wangzhe/DroneP_VG/dataset/VisDroneSplit1000Guarded/VisDrone2019-DET-train/images/9999960_00000_d_0000010.jpg	/home/wangzhe/DroneP_VG/dataset/VisDroneSplit1000Guarded/VisDrone2019-DET-train/annotations/9999960_00000_d_0000010.txt	train
train	9999960_00000_d_0000012	/home/wangzhe/DroneP_VG/dataset/VisDroneSplit1000Guarded/VisDrone2019-DET-train/images/9999960_00000_d_0000012.jpg	/home/wangzhe/DroneP_VG/dataset/VisDroneSplit1000Guarded/VisDrone2019-DET-train/annotations/9999960_00000_d_0000012.txt	train
train	9999960_00000_d_0000043	/home/wangzhe/DroneP_VG/dataset/VisDroneSplit1000Guarded/VisDrone2019-DET-train/images/9999960_00000_d_0000043.jpg	/home/wangzhe/DroneP_VG/dataset/VisDroneSplit1000Guarded/VisDrone2019-DET-train/annotations/9999960_00000_d_0000043.txt	train
train	9999960_00000_d_0000069	/home/wangzhe/DroneP_VG/dataset/VisDroneSplit1000Guarded/VisDrone2019-DET-train/images/9999960_00000_d_0000069.jpg	/home/wangzhe/DroneP_VG/dataset/VisDroneSplit1000Guarded/VisDrone2019-DET-train/annotations/9999960_00000_d_0000069.txt	train
train	9999960_00000_d_0000080	/home/wangzhe/DroneP_VG/dataset/VisDroneSplit1000Guarded/VisDrone2019-DET-train/images/9999960_00000_d_0000080.jpg	/home/wangzhe/DroneP_VG/dataset/VisDroneSplit1000Guarded/VisDrone2019-DET-train/annotations/9999960_00000_d_0000080.txt	train
train	9999960_00000_d_0000087	/home/wangzhe/DroneP_VG/dataset/VisDroneSplit1000Guarded/VisDrone2019-DET-train/images/9999960_00000_d_0000087.jpg	/home/wangzhe/DroneP_VG/dataset/VisDroneSplit1000Guarded/VisDrone2019-DET-train/annotations/9999960_00000_d_0000087.txt	train
train	9999960_00000_d_0000091	/home/wangzhe/DroneP_VG/dataset/VisDroneSplit1000Guarded/VisDrone2019-DET-train/images/9999960_00000_d_0000091.jpg	/home/wangzhe/DroneP_VG/dataset/VisDroneSplit1000Guarded/VisDrone2019-DET-train/annotations/9999960_00000_d_0000091.txt	train
train	9999960_00000_d_0000163	/home/wangzhe/DroneP_VG/dataset/VisDroneSplit1000Guarded/VisDrone2019-DET-train/images/9999960_00000_d_0000163.jpg	/home/wangzhe/DroneP_VG/dataset/VisDroneSplit1000Guarded/VisDrone2019-DET-train/annotations/9999960_00000_d_0000163.txt	train
train	9999960_00000_d_0000180	/home/wangzhe/DroneP_VG/dataset/VisDroneSplit1000Guarded/VisDrone2019-DET-train/images/9999960_00000_d_0000180.jpg	/home/wangzhe/DroneP_VG/dataset/VisDroneSplit1000Guarded/VisDrone2019-DET-train/annotations/9999960_00000_d_0000180.txt	train
train	9999960_00000_d_0000184	/home/wangzhe/DroneP_VG/dataset/VisDroneSplit1000Guarded/VisDrone2019-DET-train/images/9999960_00000_d_0000184.jpg	/home/wangzhe/DroneP_VG/dataset/VisDroneSplit1000Guarded/VisDrone2019-DET-train/annotations/9999960_00000_d_0000184.txt	train
train	9999962_00000_d_0000003	/home/wangzhe/DroneP_VG/dataset/VisDroneSplit1000Guarded/VisDrone2019-DET-train/images/9999962_00000_d_0000003.jpg	/home/wangzhe/DroneP_VG/dataset/VisDroneSplit1000Guarded/VisDrone2019-DET-train/annotations/9999962_00000_d_0000003.txt	train
train	9999962_00000_d_0000030	/home/wangzhe/DroneP_VG/dataset/VisDroneSplit1000Guarded/VisDrone2019-DET-train/images/9999962_00000_d_0000030.jpg	/home/wangzhe/DroneP_VG/dataset/VisDroneSplit1000Guarded/VisDrone2019-DET-train/annotations/9999962_00000_d_0000030.txt	train
train	9999962_00000_d_0000032	/home/wangzhe/DroneP_VG/dataset/VisDroneSplit1000Guarded/VisDrone2019-DET-train/images/9999962_00000_d_0000032.jpg	/home/wangzhe/DroneP_VG/dataset/VisDroneSplit1000Guarded/VisDrone2019-DET-train/annotations/9999962_00000_d_0000032.txt	train
train	9999962_00000_d_0000043	/home/wangzhe/DroneP_VG/dataset/VisDroneSplit1000Guarded/VisDrone2019-DET-train/images/9999962_00000_d_0000043.jpg	/home/wangzhe/DroneP_VG/dataset/VisDroneSplit1000Guarded/VisDrone2019-DET-train/annotations/9999962_00000_d_0000043.txt	train
train	9999962_00000_d_0000051	/home/wangzhe/DroneP_VG/dataset/VisDroneSplit1000Guarded/VisDrone2019-DET-train/images/9999962_00000_d_0000051.jpg	/home/wangzhe/DroneP_VG/dataset/VisDroneSplit1000Guarded/VisDrone2019-DET-train/annotations/9999962_00000_d_0000051.txt	train
train	9999962_00000_d_0000071	/home/wangzhe/DroneP_VG/dataset/VisDroneSplit1000Guarded/VisDrone2019-DET-train/images/9999962_00000_d_0000071.jpg	/home/wangzhe/DroneP_VG/dataset/VisDroneSplit1000Guarded/VisDrone2019-DET-train/annotations/9999962_00000_d_0000071.txt	train
train	9999962_00000_d_0000074	/home/wangzhe/DroneP_VG/dataset/VisDroneSplit1000Guarded/VisDrone2019-DET-train/images/9999962_00000_d_0000074.jpg	/home/wangzhe/DroneP_VG/dataset/VisDroneSplit1000Guarded/VisDrone2019-DET-train/annotations/9999962_00000_d_0000074.txt	train
train	9999962_00000_d_0000090	/home/wangzhe/DroneP_VG/dataset/VisDroneSplit1000Guarded/VisDrone2019-DET-train/images/9999962_00000_d_0000090.jpg	/home/wangzhe/DroneP_VG/dataset/VisDroneSplit1000Guarded/VisDrone2019-DET-train/annotations/9999962_00000_d_0000090.txt	train
train	9999962_00000_d_0000100	/home/wangzhe/DroneP_VG/dataset/VisDroneSplit1000Guarded/VisDrone2019-DET-train/images/9999962_00000_d_0000100.jpg	/home/wangzhe/DroneP_VG/dataset/VisDroneSplit1000Guarded/VisDrone2019-DET-train/annotations/9999962_00000_d_0000100.txt	train
train	9999962_00000_d_0000136	/home/wangzhe/DroneP_VG/dataset/VisDroneSplit1000Guarded/VisDrone2019-DET-train/images/9999962_00000_d_0000136.jpg	/home/wangzhe/DroneP_VG/dataset/VisDroneSplit1000Guarded/VisDrone2019-DET-train/annotations/9999962_00000_d_0000136.txt	train
train	9999962_00000_d_0000153	/home/wangzhe/DroneP_VG/dataset/VisDroneSplit1000Guarded/VisDrone2019-DET-train/images/9999962_00000_d_0000153.jpg	/home/wangzhe/DroneP_VG/dataset/VisDroneSplit1000Guarded/VisDrone2019-DET-train/annotations/9999962_00000_d_0000153.txt	train
train	9999962_00000_d_0000158	/home/wangzhe/DroneP_VG/dataset/VisDroneSplit1000Guarded/VisDrone2019-DET-train/images/9999962_00000_d_0000158.jpg	/home/wangzhe/DroneP_VG/dataset/VisDroneSplit1000Guarded/VisDrone2019-DET-train/annotations/9999962_00000_d_0000158.txt	train
train	9999962_00000_d_0000163	/home/wangzhe/DroneP_VG/dataset/VisDroneSplit1000Guarded/VisDrone2019-DET-train/images/9999962_00000_d_0000163.jpg	/home/wangzhe/DroneP_VG/dataset/VisDroneSplit1000Guarded/VisDrone2019-DET-train/annotations/9999962_00000_d_0000163.txt	train
train	9999962_00000_d_0000165	/home/wangzhe/DroneP_VG/dataset/VisDroneSplit1000Guarded/VisDrone2019-DET-train/images/9999962_00000_d_0000165.jpg	/home/wangzhe/DroneP_VG/dataset/VisDroneSplit1000Guarded/VisDrone2019-DET-train/annotations/9999962_00000_d_0000165.txt	train
train	9999963_00000_d_0000005	/home/wangzhe/DroneP_VG/dataset/VisDroneSplit1000Guarded/VisDrone2019-DET-train/images/9999963_00000_d_0000005.jpg	/home/wangzhe/DroneP_VG/dataset/VisDroneSplit1000Guarded/VisDrone2019-DET-train/annotations/9999963_00000_d_0000005.txt	visdrone_test_100
train	9999963_00000_d_0000015	/home/wangzhe/DroneP_VG/dataset/VisDroneSplit1000Guarded/VisDrone2019-DET-train/images/9999963_00000_d_0000015.jpg	/home/wangzhe/DroneP_VG/dataset/VisDroneSplit1000Guarded/VisDrone2019-DET-train/annotations/9999963_00000_d_0000015.txt	test
train	9999963_00000_d_0000019	/home/wangzhe/DroneP_VG/dataset/VisDroneSplit1000Guarded/VisDrone2019-DET-train/images/9999963_00000_d_0000019.jpg	/home/wangzhe/DroneP_VG/dataset/VisDroneSplit1000Guarded/VisDrone2019-DET-train/annotations/9999963_00000_d_0000019.txt	test
train	9999963_00000_d_0000032	/home/wangzhe/DroneP_VG/dataset/VisDroneSplit1000Guarded/VisDrone2019-DET-train/images/9999963_00000_d_0000032.jpg	/home/wangzhe/DroneP_VG/dataset/VisDroneSplit1000Guarded/VisDrone2019-DET-train/annotations/9999963_00000_d_0000032.txt	visdrone_test_100
train	9999963_00000_d_0000059	/home/wangzhe/DroneP_VG/dataset/VisDroneSplit1000Guarded/VisDrone2019-DET-train/images/9999963_00000_d_0000059.jpg	/home/wangzhe/DroneP_VG/dataset/VisDroneSplit1000Guarded/VisDrone2019-DET-train/annotations/9999963_00000_d_0000059.txt	visdrone_test_100
train	9999963_00000_d_0000068	/home/wangzhe/DroneP_VG/dataset/VisDroneSplit1000Guarded/VisDrone2019-DET-train/images/9999963_00000_d_0000068.jpg	/home/wangzhe/DroneP_VG/dataset/VisDroneSplit1000Guarded/VisDrone2019-DET-train/annotations/9999963_00000_d_0000068.txt	test
train	9999963_00000_d_0000070	/home/wangzhe/DroneP_VG/dataset/VisDroneSplit1000Guarded/VisDrone2019-DET-train/images/9999963_00000_d_0000070.jpg	/home/wangzhe/DroneP_VG/dataset/VisDroneSplit1000Guarded/VisDrone2019-DET-train/annotations/9999963_00000_d_0000070.txt	visdrone_test_100
train	9999964_00000_d_0000011	/home/wangzhe/DroneP_VG/dataset/VisDroneSplit1000Guarded/VisDrone2019-DET-train/images/9999964_00000_d_0000011.jpg	/home/wangzhe/DroneP_VG/dataset/VisDroneSplit1000Guarded/VisDrone2019-DET-train/annotations/9999964_00000_d_0000011.txt	train
train	9999964_00000_d_0000030	/home/wangzhe/DroneP_VG/dataset/VisDroneSplit1000Guarded/VisDrone2019-DET-train/images/9999964_00000_d_0000030.jpg	/home/wangzhe/DroneP_VG/dataset/VisDroneSplit1000Guarded/VisDrone2019-DET-train/annotations/9999964_00000_d_0000030.txt	train
train	9999964_00000_d_0000057	/home/wangzhe/DroneP_VG/dataset/VisDroneSplit1000Guarded/VisDrone2019-DET-train/images/9999964_00000_d_0000057.jpg	/home/wangzhe/DroneP_VG/dataset/VisDroneSplit1000Guarded/VisDrone2019-DET-train/annotations/9999964_00000_d_0000057.txt	train
train	9999964_00000_d_0000080	/home/wangzhe/DroneP_VG/dataset/VisDroneSplit1000Guarded/VisDrone2019-DET-train/images/9999964_00000_d_0000080.jpg	/home/wangzhe/DroneP_VG/dataset/VisDroneSplit1000Guarded/VisDrone2019-DET-train/annotations/9999964_00000_d_0000080.txt	train
train	9999965_00000_d_0000030	/home/wangzhe/DroneP_VG/dataset/VisDroneSplit1000Guarded/VisDrone2019-DET-train/images/9999965_00000_d_0000030.jpg	/home/wangzhe/DroneP_VG/dataset/VisDroneSplit1000Guarded/VisDrone2019-DET-train/annotations/9999965_00000_d_0000030.txt	train
train	9999965_00000_d_0000033	/home/wangzhe/DroneP_VG/dataset/VisDroneSplit1000Guarded/VisDrone2019-DET-train/images/9999965_00000_d_0000033.jpg	/home/wangzhe/DroneP_VG/dataset/VisDroneSplit1000Guarded/VisDrone2019-DET-train/annotations/9999965_00000_d_0000033.txt	train
train	9999965_00000_d_0000045	/home/wangzhe/DroneP_VG/dataset/VisDroneSplit1000Guarded/VisDrone2019-DET-train/images/9999965_00000_d_0000045.jpg	/home/wangzhe/DroneP_VG/dataset/VisDroneSplit1000Guarded/VisDrone2019-DET-train/annotations/9999965_00000_d_0000045.txt	train
train	9999965_00000_d_0000046	/home/wangzhe/DroneP_VG/dataset/VisDroneSplit1000Guarded/VisDrone2019-DET-train/images/9999965_00000_d_0000046.jpg	/home/wangzhe/DroneP_VG/dataset/VisDroneSplit1000Guarded/VisDrone2019-DET-train/annotations/9999965_00000_d_0000046.txt	train
train	9999965_00000_d_0000076	/home/wangzhe/DroneP_VG/dataset/VisDroneSplit1000Guarded/VisDrone2019-DET-train/images/9999965_00000_d_0000076.jpg	/home/wangzhe/DroneP_VG/dataset/VisDroneSplit1000Guarded/VisDrone2019-DET-train/annotations/9999965_00000_d_0000076.txt	train
train	9999966_00000_d_0000071	/home/wangzhe/DroneP_VG/dataset/VisDroneSplit1000Guarded/VisDrone2019-DET-train/images/9999966_00000_d_0000071.jpg	/home/wangzhe/DroneP_VG/dataset/VisDroneSplit1000Guarded/VisDrone2019-DET-train/annotations/9999966_00000_d_0000071.txt	train
train	9999966_00000_d_0000085	/home/wangzhe/DroneP_VG/dataset/VisDroneSplit1000Guarded/VisDrone2019-DET-train/images/9999966_00000_d_0000085.jpg	/home/wangzhe/DroneP_VG/dataset/VisDroneSplit1000Guarded/VisDrone2019-DET-train/annotations/9999966_00000_d_0000085.txt	train
train	9999966_00000_d_0000106	/home/wangzhe/DroneP_VG/dataset/VisDroneSplit1000Guarded/VisDrone2019-DET-train/images/9999966_00000_d_0000106.jpg	/home/wangzhe/DroneP_VG/dataset/VisDroneSplit1000Guarded/VisDrone2019-DET-train/annotations/9999966_00000_d_0000106.txt	train
train	9999967_00000_d_0000016	/home/wangzhe/DroneP_VG/dataset/VisDroneSplit1000Guarded/VisDrone2019-DET-train/images/9999967_00000_d_0000016.jpg	/home/wangzhe/DroneP_VG/dataset/VisDroneSplit1000Guarded/VisDrone2019-DET-train/annotations/9999967_00000_d_0000016.txt	train
train	9999967_00000_d_0000027	/home/wangzhe/DroneP_VG/dataset/VisDroneSplit1000Guarded/VisDrone2019-DET-train/images/9999967_00000_d_0000027.jpg	/home/wangzhe/DroneP_VG/dataset/VisDroneSplit1000Guarded/VisDrone2019-DET-train/annotations/9999967_00000_d_0000027.txt	train
train	9999967_00000_d_0000066	/home/wangzhe/DroneP_VG/dataset/VisDroneSplit1000Guarded/VisDrone2019-DET-train/images/9999967_00000_d_0000066.jpg	/home/wangzhe/DroneP_VG/dataset/VisDroneSplit1000Guarded/VisDrone2019-DET-train/annotations/9999967_00000_d_0000066.txt	train
train	9999969_00000_d_0000006	/home/wangzhe/DroneP_VG/dataset/VisDroneSplit1000Guarded/VisDrone2019-DET-train/images/9999969_00000_d_0000006.jpg	/home/wangzhe/DroneP_VG/dataset/VisDroneSplit1000Guarded/VisDrone2019-DET-train/annotations/9999969_00000_d_0000006.txt	train
train	9999969_00000_d_0000020	/home/wangzhe/DroneP_VG/dataset/VisDroneSplit1000Guarded/VisDrone2019-DET-train/images/9999969_00000_d_0000020.jpg	/home/wangzhe/DroneP_VG/dataset/VisDroneSplit1000Guarded/VisDrone2019-DET-train/annotations/9999969_00000_d_0000020.txt	train
train	9999969_00000_d_0000026	/home/wangzhe/DroneP_VG/dataset/VisDroneSplit1000Guarded/VisDrone2019-DET-train/images/9999969_00000_d_0000026.jpg	/home/wangzhe/DroneP_VG/dataset/VisDroneSplit1000Guarded/VisDrone2019-DET-train/annotations/9999969_00000_d_0000026.txt	train
train	9999969_00000_d_0000029	/home/wangzhe/DroneP_VG/dataset/VisDroneSplit1000Guarded/VisDrone2019-DET-train/images/9999969_00000_d_0000029.jpg	/home/wangzhe/DroneP_VG/dataset/VisDroneSplit1000Guarded/VisDrone2019-DET-train/annotations/9999969_00000_d_0000029.txt	train
train	9999969_00000_d_0000036	/home/wangzhe/DroneP_VG/dataset/VisDroneSplit1000Guarded/VisDrone2019-DET-train/images/9999969_00000_d_0000036.jpg	/home/wangzhe/DroneP_VG/dataset/VisDroneSplit1000Guarded/VisDrone2019-DET-train/annotations/9999969_00000_d_0000036.txt	train
train	9999969_00000_d_0000037	/home/wangzhe/DroneP_VG/dataset/VisDroneSplit1000Guarded/VisDrone2019-DET-train/images/9999969_00000_d_0000037.jpg	/home/wangzhe/DroneP_VG/dataset/VisDroneSplit1000Guarded/VisDrone2019-DET-train/annotations/9999969_00000_d_0000037.txt	train
train	9999969_00000_d_0000039	/home/wangzhe/DroneP_VG/dataset/VisDroneSplit1000Guarded/VisDrone2019-DET-train/images/9999969_00000_d_0000039.jpg	/home/wangzhe/DroneP_VG/dataset/VisDroneSplit1000Guarded/VisDrone2019-DET-train/annotations/9999969_00000_d_0000039.txt	train
train	9999969_00000_d_0000052	/home/wangzhe/DroneP_VG/dataset/VisDroneSplit1000Guarded/VisDrone2019-DET-train/images/9999969_00000_d_0000052.jpg	/home/wangzhe/DroneP_VG/dataset/VisDroneSplit1000Guarded/VisDrone2019-DET-train/annotations/9999969_00000_d_0000052.txt	train
train	9999970_00000_d_0000023	/home/wangzhe/DroneP_VG/dataset/VisDroneSplit1000Guarded/VisDrone2019-DET-train/images/9999970_00000_d_0000023.jpg	/home/wangzhe/DroneP_VG/dataset/VisDroneSplit1000Guarded/VisDrone2019-DET-train/annotations/9999970_00000_d_0000023.txt	train
train	9999970_00000_d_0000024	/home/wangzhe/DroneP_VG/dataset/VisDroneSplit1000Guarded/VisDrone2019-DET-train/images/9999970_00000_d_0000024.jpg	/home/wangzhe/DroneP_VG/dataset/VisDroneSplit1000Guarded/VisDrone2019-DET-train/annotations/9999970_00000_d_0000024.txt	train
train	9999970_00000_d_0000033	/home/wangzhe/DroneP_VG/dataset/VisDroneSplit1000Guarded/VisDrone2019-DET-train/images/9999970_00000_d_0000033.jpg	/home/wangzhe/DroneP_VG/dataset/VisDroneSplit1000Guarded/VisDrone2019-DET-train/annotations/9999970_00000_d_0000033.txt	train
train	9999970_00000_d_0000037	/home/wangzhe/DroneP_VG/dataset/VisDroneSplit1000Guarded/VisDrone2019-DET-train/images/9999970_00000_d_0000037.jpg	/home/wangzhe/DroneP_VG/dataset/VisDroneSplit1000Guarded/VisDrone2019-DET-train/annotations/9999970_00000_d_0000037.txt	train
train	9999970_00000_d_0000041	/home/wangzhe/DroneP_VG/dataset/VisDroneSplit1000Guarded/VisDrone2019-DET-train/images/9999970_00000_d_0000041.jpg	/home/wangzhe/DroneP_VG/dataset/VisDroneSplit1000Guarded/VisDrone2019-DET-train/annotations/9999970_00000_d_0000041.txt	train
train	9999972_00000_d_0000011	/home/wangzhe/DroneP_VG/dataset/VisDroneSplit1000Guarded/VisDrone2019-DET-train/images/9999972_00000_d_0000011.jpg	/home/wangzhe/DroneP_VG/dataset/VisDroneSplit1000Guarded/VisDrone2019-DET-train/annotations/9999972_00000_d_0000011.txt	train
train	9999972_00000_d_0000013	/home/wangzhe/DroneP_VG/dataset/VisDroneSplit1000Guarded/VisDrone2019-DET-train/images/9999972_00000_d_0000013.jpg	/home/wangzhe/DroneP_VG/dataset/VisDroneSplit1000Guarded/VisDrone2019-DET-train/annotations/9999972_00000_d_0000013.txt	train
train	9999972_00000_d_0000021	/home/wangzhe/DroneP_VG/dataset/VisDroneSplit1000Guarded/VisDrone2019-DET-train/images/9999972_00000_d_0000021.jpg	/home/wangzhe/DroneP_VG/dataset/VisDroneSplit1000Guarded/VisDrone2019-DET-train/annotations/9999972_00000_d_0000021.txt	train
train	9999972_00000_d_0000055	/home/wangzhe/DroneP_VG/dataset/VisDroneSplit1000Guarded/VisDrone2019-DET-train/images/9999972_00000_d_0000055.jpg	/home/wangzhe/DroneP_VG/dataset/VisDroneSplit1000Guarded/VisDrone2019-DET-train/annotations/9999972_00000_d_0000055.txt	train
train	9999972_00000_d_0000069	/home/wangzhe/DroneP_VG/dataset/VisDroneSplit1000Guarded/VisDrone2019-DET-train/images/9999972_00000_d_0000069.jpg	/home/wangzhe/DroneP_VG/dataset/VisDroneSplit1000Guarded/VisDrone2019-DET-train/annotations/9999972_00000_d_0000069.txt	train
train	9999972_00000_d_0000072	/home/wangzhe/DroneP_VG/dataset/VisDroneSplit1000Guarded/VisDrone2019-DET-train/images/9999972_00000_d_0000072.jpg	/home/wangzhe/DroneP_VG/dataset/VisDroneSplit1000Guarded/VisDrone2019-DET-train/annotations/9999972_00000_d_0000072.txt	train
train	9999972_00000_d_0000080	/home/wangzhe/DroneP_VG/dataset/VisDroneSplit1000Guarded/VisDrone2019-DET-train/images/9999972_00000_d_0000080.jpg	/home/wangzhe/DroneP_VG/dataset/VisDroneSplit1000Guarded/VisDrone2019-DET-train/annotations/9999972_00000_d_0000080.txt	train
train	9999972_00000_d_0000095	/home/wangzhe/DroneP_VG/dataset/VisDroneSplit1000Guarded/VisDrone2019-DET-train/images/9999972_00000_d_0000095.jpg	/home/wangzhe/DroneP_VG/dataset/VisDroneSplit1000Guarded/VisDrone2019-DET-train/annotations/9999972_00000_d_0000095.txt	train
train	9999972_00000_d_0000096	/home/wangzhe/DroneP_VG/dataset/VisDroneSplit1000Guarded/VisDrone2019-DET-train/images/9999972_00000_d_0000096.jpg	/home/wangzhe/DroneP_VG/dataset/VisDroneSplit1000Guarded/VisDrone2019-DET-train/annotations/9999972_00000_d_0000096.txt	train
train	9999972_00000_d_0000108	/home/wangzhe/DroneP_VG/dataset/VisDroneSplit1000Guarded/VisDrone2019-DET-train/images/9999972_00000_d_0000108.jpg	/home/wangzhe/DroneP_VG/dataset/VisDroneSplit1000Guarded/VisDrone2019-DET-train/annotations/9999972_00000_d_0000108.txt	train
train	9999972_00000_d_0000125	/home/wangzhe/DroneP_VG/dataset/VisDroneSplit1000Guarded/VisDrone2019-DET-train/images/9999972_00000_d_0000125.jpg	/home/wangzhe/DroneP_VG/dataset/VisDroneSplit1000Guarded/VisDrone2019-DET-train/annotations/9999972_00000_d_0000125.txt	train
train	9999972_00000_d_0000127	/home/wangzhe/DroneP_VG/dataset/VisDroneSplit1000Guarded/VisDrone2019-DET-train/images/9999972_00000_d_0000127.jpg	/home/wangzhe/DroneP_VG/dataset/VisDroneSplit1000Guarded/VisDrone2019-DET-train/annotations/9999972_00000_d_0000127.txt	train
train	9999972_00000_d_0000142	/home/wangzhe/DroneP_VG/dataset/VisDroneSplit1000Guarded/VisDrone2019-DET-train/images/9999972_00000_d_0000142.jpg	/home/wangzhe/DroneP_VG/dataset/VisDroneSplit1000Guarded/VisDrone2019-DET-train/annotations/9999972_00000_d_0000142.txt	train
train	9999972_00000_d_0000146	/home/wangzhe/DroneP_VG/dataset/VisDroneSplit1000Guarded/VisDrone2019-DET-train/images/9999972_00000_d_0000146.jpg	/home/wangzhe/DroneP_VG/dataset/VisDroneSplit1000Guarded/VisDrone2019-DET-train/annotations/9999972_00000_d_0000146.txt	train
train	9999972_00000_d_0000149	/home/wangzhe/DroneP_VG/dataset/VisDroneSplit1000Guarded/VisDrone2019-DET-train/images/9999972_00000_d_0000149.jpg	/home/wangzhe/DroneP_VG/dataset/VisDroneSplit1000Guarded/VisDrone2019-DET-train/annotations/9999972_00000_d_0000149.txt	train
train	9999973_00000_d_0000012	/home/wangzhe/DroneP_VG/dataset/VisDroneSplit1000Guarded/VisDrone2019-DET-train/images/9999973_00000_d_0000012.jpg	/home/wangzhe/DroneP_VG/dataset/VisDroneSplit1000Guarded/VisDrone2019-DET-train/annotations/9999973_00000_d_0000012.txt	visdrone_test_100
train	9999973_00000_d_0000023	/home/wangzhe/DroneP_VG/dataset/VisDroneSplit1000Guarded/VisDrone2019-DET-train/images/9999973_00000_d_0000023.jpg	/home/wangzhe/DroneP_VG/dataset/VisDroneSplit1000Guarded/VisDrone2019-DET-train/annotations/9999973_00000_d_0000023.txt	test
train	9999973_00000_d_0000032	/home/wangzhe/DroneP_VG/dataset/VisDroneSplit1000Guarded/VisDrone2019-DET-train/images/9999973_00000_d_0000032.jpg	/home/wangzhe/DroneP_VG/dataset/VisDroneSplit1000Guarded/VisDrone2019-DET-train/annotations/9999973_00000_d_0000032.txt	test
train	9999973_00000_d_0000034	/home/wangzhe/DroneP_VG/dataset/VisDroneSplit1000Guarded/VisDrone2019-DET-train/images/9999973_00000_d_0000034.jpg	/home/wangzhe/DroneP_VG/dataset/VisDroneSplit1000Guarded/VisDrone2019-DET-train/annotations/9999973_00000_d_0000034.txt	test
train	9999973_00000_d_0000038	/home/wangzhe/DroneP_VG/dataset/VisDroneSplit1000Guarded/VisDrone2019-DET-train/images/9999973_00000_d_0000038.jpg	/home/wangzhe/DroneP_VG/dataset/VisDroneSplit1000Guarded/VisDrone2019-DET-train/annotations/9999973_00000_d_0000038.txt	test
train	9999973_00000_d_0000046	/home/wangzhe/DroneP_VG/dataset/VisDroneSplit1000Guarded/VisDrone2019-DET-train/images/9999973_00000_d_0000046.jpg	/home/wangzhe/DroneP_VG/dataset/VisDroneSplit1000Guarded/VisDrone2019-DET-train/annotations/9999973_00000_d_0000046.txt	visdrone_test_100
train	9999973_00000_d_0000048	/home/wangzhe/DroneP_VG/dataset/VisDroneSplit1000Guarded/VisDrone2019-DET-train/images/9999973_00000_d_0000048.jpg	/home/wangzhe/DroneP_VG/dataset/VisDroneSplit1000Guarded/VisDrone2019-DET-train/annotations/9999973_00000_d_0000048.txt	test
train	9999973_00000_d_0000051	/home/wangzhe/DroneP_VG/dataset/VisDroneSplit1000Guarded/VisDrone2019-DET-train/images/9999973_00000_d_0000051.jpg	/home/wangzhe/DroneP_VG/dataset/VisDroneSplit1000Guarded/VisDrone2019-DET-train/annotations/9999973_00000_d_0000051.txt	test
train	9999973_00000_d_0000055	/home/wangzhe/DroneP_VG/dataset/VisDroneSplit1000Guarded/VisDrone2019-DET-train/images/9999973_00000_d_0000055.jpg	/home/wangzhe/DroneP_VG/dataset/VisDroneSplit1000Guarded/VisDrone2019-DET-train/annotations/9999973_00000_d_0000055.txt	visdrone_test_100
train	9999973_00000_d_0000056	/home/wangzhe/DroneP_VG/dataset/VisDroneSplit1000Guarded/VisDrone2019-DET-train/images/9999973_00000_d_0000056.jpg	/home/wangzhe/DroneP_VG/dataset/VisDroneSplit1000Guarded/VisDrone2019-DET-train/annotations/9999973_00000_d_0000056.txt	visdrone_test_100
train	9999973_00000_d_0000073	/home/wangzhe/DroneP_VG/dataset/VisDroneSplit1000Guarded/VisDrone2019-DET-train/images/9999973_00000_d_0000073.jpg	/home/wangzhe/DroneP_VG/dataset/VisDroneSplit1000Guarded/VisDrone2019-DET-train/annotations/9999973_00000_d_0000073.txt	visdrone_test_100
train	9999973_00000_d_0000074	/home/wangzhe/DroneP_VG/dataset/VisDroneSplit1000Guarded/VisDrone2019-DET-train/images/9999973_00000_d_0000074.jpg	/home/wangzhe/DroneP_VG/dataset/VisDroneSplit1000Guarded/VisDrone2019-DET-train/annotations/9999973_00000_d_0000074.txt	test
train	9999973_00000_d_0000075	/home/wangzhe/DroneP_VG/dataset/VisDroneSplit1000Guarded/VisDrone2019-DET-train/images/9999973_00000_d_0000075.jpg	/home/wangzhe/DroneP_VG/dataset/VisDroneSplit1000Guarded/VisDrone2019-DET-train/annotations/9999973_00000_d_0000075.txt	test
train	9999973_00000_d_0000097	/home/wangzhe/DroneP_VG/dataset/VisDroneSplit1000Guarded/VisDrone2019-DET-train/images/9999973_00000_d_0000097.jpg	/home/wangzhe/DroneP_VG/dataset/VisDroneSplit1000Guarded/VisDrone2019-DET-train/annotations/9999973_00000_d_0000097.txt	test
train	9999973_00000_d_0000100	/home/wangzhe/DroneP_VG/dataset/VisDroneSplit1000Guarded/VisDrone2019-DET-train/images/9999973_00000_d_0000100.jpg	/home/wangzhe/DroneP_VG/dataset/VisDroneSplit1000Guarded/VisDrone2019-DET-train/annotations/9999973_00000_d_0000100.txt	visdrone_test_100
train	9999973_00000_d_0000104	/home/wangzhe/DroneP_VG/dataset/VisDroneSplit1000Guarded/VisDrone2019-DET-train/images/9999973_00000_d_0000104.jpg	/home/wangzhe/DroneP_VG/dataset/VisDroneSplit1000Guarded/VisDrone2019-DET-train/annotations/9999973_00000_d_0000104.txt	test
train	9999973_00000_d_0000118	/home/wangzhe/DroneP_VG/dataset/VisDroneSplit1000Guarded/VisDrone2019-DET-train/images/9999973_00000_d_0000118.jpg	/home/wangzhe/DroneP_VG/dataset/VisDroneSplit1000Guarded/VisDrone2019-DET-train/annotations/9999973_00000_d_0000118.txt	visdrone_test_100
train	9999973_00000_d_0000120	/home/wangzhe/DroneP_VG/dataset/VisDroneSplit1000Guarded/VisDrone2019-DET-train/images/9999973_00000_d_0000120.jpg	/home/wangzhe/DroneP_VG/dataset/VisDroneSplit1000Guarded/VisDrone2019-DET-train/annotations/9999973_00000_d_0000120.txt	test
train	9999973_00000_d_0000135	/home/wangzhe/DroneP_VG/dataset/VisDroneSplit1000Guarded/VisDrone2019-DET-train/images/9999973_00000_d_0000135.jpg	/home/wangzhe/DroneP_VG/dataset/VisDroneSplit1000Guarded/VisDrone2019-DET-train/annotations/9999973_00000_d_0000135.txt	test
train	9999973_00000_d_0000145	/home/wangzhe/DroneP_VG/dataset/VisDroneSplit1000Guarded/VisDrone2019-DET-train/images/9999973_00000_d_0000145.jpg	/home/wangzhe/DroneP_VG/dataset/VisDroneSplit1000Guarded/VisDrone2019-DET-train/annotations/9999973_00000_d_0000145.txt	visdrone_test_100
train	9999974_00000_d_0000001	/home/wangzhe/DroneP_VG/dataset/VisDroneSplit1000Guarded/VisDrone2019-DET-train/images/9999974_00000_d_0000001.jpg	/home/wangzhe/DroneP_VG/dataset/VisDroneSplit1000Guarded/VisDrone2019-DET-train/annotations/9999974_00000_d_0000001.txt	train
train	9999974_00000_d_0000012	/home/wangzhe/DroneP_VG/dataset/VisDroneSplit1000Guarded/VisDrone2019-DET-train/images/9999974_00000_d_0000012.jpg	/home/wangzhe/DroneP_VG/dataset/VisDroneSplit1000Guarded/VisDrone2019-DET-train/annotations/9999974_00000_d_0000012.txt	train
train	9999974_00000_d_0000034	/home/wangzhe/DroneP_VG/dataset/VisDroneSplit1000Guarded/VisDrone2019-DET-train/images/9999974_00000_d_0000034.jpg	/home/wangzhe/DroneP_VG/dataset/VisDroneSplit1000Guarded/VisDrone2019-DET-train/annotations/9999974_00000_d_0000034.txt	train
train	9999974_00000_d_0000038	/home/wangzhe/DroneP_VG/dataset/VisDroneSplit1000Guarded/VisDrone2019-DET-train/images/9999974_00000_d_0000038.jpg	/home/wangzhe/DroneP_VG/dataset/VisDroneSplit1000Guarded/VisDrone2019-DET-train/annotations/9999974_00000_d_0000038.txt	train
train	9999974_00000_d_0000050	/home/wangzhe/DroneP_VG/dataset/VisDroneSplit1000Guarded/VisDrone2019-DET-train/images/9999974_00000_d_0000050.jpg	/home/wangzhe/DroneP_VG/dataset/VisDroneSplit1000Guarded/VisDrone2019-DET-train/annotations/9999974_00000_d_0000050.txt	train
train	9999975_00000_d_0000009	/home/wangzhe/DroneP_VG/dataset/VisDroneSplit1000Guarded/VisDrone2019-DET-train/images/9999975_00000_d_0000009.jpg	/home/wangzhe/DroneP_VG/dataset/VisDroneSplit1000Guarded/VisDrone2019-DET-train/annotations/9999975_00000_d_0000009.txt	train
train	9999975_00000_d_0000017	/home/wangzhe/DroneP_VG/dataset/VisDroneSplit1000Guarded/VisDrone2019-DET-train/images/9999975_00000_d_0000017.jpg	/home/wangzhe/DroneP_VG/dataset/VisDroneSplit1000Guarded/VisDrone2019-DET-train/annotations/9999975_00000_d_0000017.txt	train
train	9999976_00000_d_0000001	/home/wangzhe/DroneP_VG/dataset/VisDroneSplit1000Guarded/VisDrone2019-DET-train/images/9999976_00000_d_0000001.jpg	/home/wangzhe/DroneP_VG/dataset/VisDroneSplit1000Guarded/VisDrone2019-DET-train/annotations/9999976_00000_d_0000001.txt	test
train	9999976_00000_d_0000024	/home/wangzhe/DroneP_VG/dataset/VisDroneSplit1000Guarded/VisDrone2019-DET-train/images/9999976_00000_d_0000024.jpg	/home/wangzhe/DroneP_VG/dataset/VisDroneSplit1000Guarded/VisDrone2019-DET-train/annotations/9999976_00000_d_0000024.txt	visdrone_test_100
train	9999977_00000_d_0000001	/home/wangzhe/DroneP_VG/dataset/VisDroneSplit1000Guarded/VisDrone2019-DET-train/images/9999977_00000_d_0000001.jpg	/home/wangzhe/DroneP_VG/dataset/VisDroneSplit1000Guarded/VisDrone2019-DET-train/annotations/9999977_00000_d_0000001.txt	train
train	9999977_00000_d_0000013	/home/wangzhe/DroneP_VG/dataset/VisDroneSplit1000Guarded/VisDrone2019-DET-train/images/9999977_00000_d_0000013.jpg	/home/wangzhe/DroneP_VG/dataset/VisDroneSplit1000Guarded/VisDrone2019-DET-train/annotations/9999977_00000_d_0000013.txt	train
train	9999977_00000_d_0000064	/home/wangzhe/DroneP_VG/dataset/VisDroneSplit1000Guarded/VisDrone2019-DET-train/images/9999977_00000_d_0000064.jpg	/home/wangzhe/DroneP_VG/dataset/VisDroneSplit1000Guarded/VisDrone2019-DET-train/annotations/9999977_00000_d_0000064.txt	train
train	9999977_00000_d_0000070	/home/wangzhe/DroneP_VG/dataset/VisDroneSplit1000Guarded/VisDrone2019-DET-train/images/9999977_00000_d_0000070.jpg	/home/wangzhe/DroneP_VG/dataset/VisDroneSplit1000Guarded/VisDrone2019-DET-train/annotations/9999977_00000_d_0000070.txt	train
train	9999977_00000_d_0000080	/home/wangzhe/DroneP_VG/dataset/VisDroneSplit1000Guarded/VisDrone2019-DET-train/images/9999977_00000_d_0000080.jpg	/home/wangzhe/DroneP_VG/dataset/VisDroneSplit1000Guarded/VisDrone2019-DET-train/annotations/9999977_00000_d_0000080.txt	train
train	9999977_00000_d_0000090	/home/wangzhe/DroneP_VG/dataset/VisDroneSplit1000Guarded/VisDrone2019-DET-train/images/9999977_00000_d_0000090.jpg	/home/wangzhe/DroneP_VG/dataset/VisDroneSplit1000Guarded/VisDrone2019-DET-train/annotations/9999977_00000_d_0000090.txt	train
train	9999977_00000_d_0000098	/home/wangzhe/DroneP_VG/dataset/VisDroneSplit1000Guarded/VisDrone2019-DET-train/images/9999977_00000_d_0000098.jpg	/home/wangzhe/DroneP_VG/dataset/VisDroneSplit1000Guarded/VisDrone2019-DET-train/annotations/9999977_00000_d_0000098.txt	train
train	9999979_00000_d_0000003	/home/wangzhe/DroneP_VG/dataset/VisDroneSplit1000Guarded/VisDrone2019-DET-train/images/9999979_00000_d_0000003.jpg	/home/wangzhe/DroneP_VG/dataset/VisDroneSplit1000Guarded/VisDrone2019-DET-train/annotations/9999979_00000_d_0000003.txt	visdrone_test_100
train	9999979_00000_d_0000011	/home/wangzhe/DroneP_VG/dataset/VisDroneSplit1000Guarded/VisDrone2019-DET-train/images/9999979_00000_d_0000011.jpg	/home/wangzhe/DroneP_VG/dataset/VisDroneSplit1000Guarded/VisDrone2019-DET-train/annotations/9999979_00000_d_0000011.txt	test
train	9999979_00000_d_0000019	/home/wangzhe/DroneP_VG/dataset/VisDroneSplit1000Guarded/VisDrone2019-DET-train/images/9999979_00000_d_0000019.jpg	/home/wangzhe/DroneP_VG/dataset/VisDroneSplit1000Guarded/VisDrone2019-DET-train/annotations/9999979_00000_d_0000019.txt	test
train	9999979_00000_d_0000027	/home/wangzhe/DroneP_VG/dataset/VisDroneSplit1000Guarded/VisDrone2019-DET-train/images/9999979_00000_d_0000027.jpg	/home/wangzhe/DroneP_VG/dataset/VisDroneSplit1000Guarded/VisDrone2019-DET-train/annotations/9999979_00000_d_0000027.txt	visdrone_test_100
train	9999979_00000_d_0000042	/home/wangzhe/DroneP_VG/dataset/VisDroneSplit1000Guarded/VisDrone2019-DET-train/images/9999979_00000_d_0000042.jpg	/home/wangzhe/DroneP_VG/dataset/VisDroneSplit1000Guarded/VisDrone2019-DET-train/annotations/9999979_00000_d_0000042.txt	test
train	9999980_00000_d_0000001	/home/wangzhe/DroneP_VG/dataset/VisDroneSplit1000Guarded/VisDrone2019-DET-train/images/9999980_00000_d_0000001.jpg	/home/wangzhe/DroneP_VG/dataset/VisDroneSplit1000Guarded/VisDrone2019-DET-train/annotations/9999980_00000_d_0000001.txt	visdrone_test_100
train	9999981_00000_d_0000007	/home/wangzhe/DroneP_VG/dataset/VisDroneSplit1000Guarded/VisDrone2019-DET-train/images/9999981_00000_d_0000007.jpg	/home/wangzhe/DroneP_VG/dataset/VisDroneSplit1000Guarded/VisDrone2019-DET-train/annotations/9999981_00000_d_0000007.txt	train
train	9999981_00000_d_0000023	/home/wangzhe/DroneP_VG/dataset/VisDroneSplit1000Guarded/VisDrone2019-DET-train/images/9999981_00000_d_0000023.jpg	/home/wangzhe/DroneP_VG/dataset/VisDroneSplit1000Guarded/VisDrone2019-DET-train/annotations/9999981_00000_d_0000023.txt	train
train	9999981_00000_d_0000032	/home/wangzhe/DroneP_VG/dataset/VisDroneSplit1000Guarded/VisDrone2019-DET-train/images/9999981_00000_d_0000032.jpg	/home/wangzhe/DroneP_VG/dataset/VisDroneSplit1000Guarded/VisDrone2019-DET-train/annotations/9999981_00000_d_0000032.txt	train
train	9999981_00000_d_0000035	/home/wangzhe/DroneP_VG/dataset/VisDroneSplit1000Guarded/VisDrone2019-DET-train/images/9999981_00000_d_0000035.jpg	/home/wangzhe/DroneP_VG/dataset/VisDroneSplit1000Guarded/VisDrone2019-DET-train/annotations/9999981_00000_d_0000035.txt	train
train	9999981_00000_d_0000039	/home/wangzhe/DroneP_VG/dataset/VisDroneSplit1000Guarded/VisDrone2019-DET-train/images/9999981_00000_d_0000039.jpg	/home/wangzhe/DroneP_VG/dataset/VisDroneSplit1000Guarded/VisDrone2019-DET-train/annotations/9999981_00000_d_0000039.txt	train
train	9999981_00000_d_0000044	/home/wangzhe/DroneP_VG/dataset/VisDroneSplit1000Guarded/VisDrone2019-DET-train/images/9999981_00000_d_0000044.jpg	/home/wangzhe/DroneP_VG/dataset/VisDroneSplit1000Guarded/VisDrone2019-DET-train/annotations/9999981_00000_d_0000044.txt	train
train	9999981_00000_d_0000056	/home/wangzhe/DroneP_VG/dataset/VisDroneSplit1000Guarded/VisDrone2019-DET-train/images/9999981_00000_d_0000056.jpg	/home/wangzhe/DroneP_VG/dataset/VisDroneSplit1000Guarded/VisDrone2019-DET-train/annotations/9999981_00000_d_0000056.txt	train
train	9999981_00000_d_0000064	/home/wangzhe/DroneP_VG/dataset/VisDroneSplit1000Guarded/VisDrone2019-DET-train/images/9999981_00000_d_0000064.jpg	/home/wangzhe/DroneP_VG/dataset/VisDroneSplit1000Guarded/VisDrone2019-DET-train/annotations/9999981_00000_d_0000064.txt	train
train	9999981_00000_d_0000146	/home/wangzhe/DroneP_VG/dataset/VisDroneSplit1000Guarded/VisDrone2019-DET-train/images/9999981_00000_d_0000146.jpg	/home/wangzhe/DroneP_VG/dataset/VisDroneSplit1000Guarded/VisDrone2019-DET-train/annotations/9999981_00000_d_0000146.txt	train
train	9999982_00000_d_0000010	/home/wangzhe/DroneP_VG/dataset/VisDroneSplit1000Guarded/VisDrone2019-DET-train/images/9999982_00000_d_0000010.jpg	/home/wangzhe/DroneP_VG/dataset/VisDroneSplit1000Guarded/VisDrone2019-DET-train/annotations/9999982_00000_d_0000010.txt	train
train	9999982_00000_d_0000017	/home/wangzhe/DroneP_VG/dataset/VisDroneSplit1000Guarded/VisDrone2019-DET-train/images/9999982_00000_d_0000017.jpg	/home/wangzhe/DroneP_VG/dataset/VisDroneSplit1000Guarded/VisDrone2019-DET-train/annotations/9999982_00000_d_0000017.txt	train
train	9999982_00000_d_0000020	/home/wangzhe/DroneP_VG/dataset/VisDroneSplit1000Guarded/VisDrone2019-DET-train/images/9999982_00000_d_0000020.jpg	/home/wangzhe/DroneP_VG/dataset/VisDroneSplit1000Guarded/VisDrone2019-DET-train/annotations/9999982_00000_d_0000020.txt	train
train	9999982_00000_d_0000035	/home/wangzhe/DroneP_VG/dataset/VisDroneSplit1000Guarded/VisDrone2019-DET-train/images/9999982_00000_d_0000035.jpg	/home/wangzhe/DroneP_VG/dataset/VisDroneSplit1000Guarded/VisDrone2019-DET-train/annotations/9999982_00000_d_0000035.txt	train
train	9999982_00000_d_0000037	/home/wangzhe/DroneP_VG/dataset/VisDroneSplit1000Guarded/VisDrone2019-DET-train/images/9999982_00000_d_0000037.jpg	/home/wangzhe/DroneP_VG/dataset/VisDroneSplit1000Guarded/VisDrone2019-DET-train/annotations/9999982_00000_d_0000037.txt	train
train	9999982_00000_d_0000038	/home/wangzhe/DroneP_VG/dataset/VisDroneSplit1000Guarded/VisDrone2019-DET-train/images/9999982_00000_d_0000038.jpg	/home/wangzhe/DroneP_VG/dataset/VisDroneSplit1000Guarded/VisDrone2019-DET-train/annotations/9999982_00000_d_0000038.txt	train
train	9999982_00000_d_0000039	/home/wangzhe/DroneP_VG/dataset/VisDroneSplit1000Guarded/VisDrone2019-DET-train/images/9999982_00000_d_0000039.jpg	/home/wangzhe/DroneP_VG/dataset/VisDroneSplit1000Guarded/VisDrone2019-DET-train/annotations/9999982_00000_d_0000039.txt	train
train	9999982_00000_d_0000078	/home/wangzhe/DroneP_VG/dataset/VisDroneSplit1000Guarded/VisDrone2019-DET-train/images/9999982_00000_d_0000078.jpg	/home/wangzhe/DroneP_VG/dataset/VisDroneSplit1000Guarded/VisDrone2019-DET-train/annotations/9999982_00000_d_0000078.txt	train
train	9999982_00000_d_0000106	/home/wangzhe/DroneP_VG/dataset/VisDroneSplit1000Guarded/VisDrone2019-DET-train/images/9999982_00000_d_0000106.jpg	/home/wangzhe/DroneP_VG/dataset/VisDroneSplit1000Guarded/VisDrone2019-DET-train/annotations/9999982_00000_d_0000106.txt	train
train	9999982_00000_d_0000113	/home/wangzhe/DroneP_VG/dataset/VisDroneSplit1000Guarded/VisDrone2019-DET-train/images/9999982_00000_d_0000113.jpg	/home/wangzhe/DroneP_VG/dataset/VisDroneSplit1000Guarded/VisDrone2019-DET-train/annotations/9999982_00000_d_0000113.txt	train
train	9999982_00000_d_0000114	/home/wangzhe/DroneP_VG/dataset/VisDroneSplit1000Guarded/VisDrone2019-DET-train/images/9999982_00000_d_0000114.jpg	/home/wangzhe/DroneP_VG/dataset/VisDroneSplit1000Guarded/VisDrone2019-DET-train/annotations/9999982_00000_d_0000114.txt	train
train	9999982_00000_d_0000148	/home/wangzhe/DroneP_VG/dataset/VisDroneSplit1000Guarded/VisDrone2019-DET-train/images/9999982_00000_d_0000148.jpg	/home/wangzhe/DroneP_VG/dataset/VisDroneSplit1000Guarded/VisDrone2019-DET-train/annotations/9999982_00000_d_0000148.txt	train
train	9999982_00000_d_0000171	/home/wangzhe/DroneP_VG/dataset/VisDroneSplit1000Guarded/VisDrone2019-DET-train/images/9999982_00000_d_0000171.jpg	/home/wangzhe/DroneP_VG/dataset/VisDroneSplit1000Guarded/VisDrone2019-DET-train/annotations/9999982_00000_d_0000171.txt	train
train	9999982_00000_d_0000200	/home/wangzhe/DroneP_VG/dataset/VisDroneSplit1000Guarded/VisDrone2019-DET-train/images/9999982_00000_d_0000200.jpg	/home/wangzhe/DroneP_VG/dataset/VisDroneSplit1000Guarded/VisDrone2019-DET-train/annotations/9999982_00000_d_0000200.txt	train
train	9999982_00000_d_0000202	/home/wangzhe/DroneP_VG/dataset/VisDroneSplit1000Guarded/VisDrone2019-DET-train/images/9999982_00000_d_0000202.jpg	/home/wangzhe/DroneP_VG/dataset/VisDroneSplit1000Guarded/VisDrone2019-DET-train/annotations/9999982_00000_d_0000202.txt	train
train	9999982_00000_d_0000229	/home/wangzhe/DroneP_VG/dataset/VisDroneSplit1000Guarded/VisDrone2019-DET-train/images/9999982_00000_d_0000229.jpg	/home/wangzhe/DroneP_VG/dataset/VisDroneSplit1000Guarded/VisDrone2019-DET-train/annotations/9999982_00000_d_0000229.txt	train
train	9999982_00000_d_0000239	/home/wangzhe/DroneP_VG/dataset/VisDroneSplit1000Guarded/VisDrone2019-DET-train/images/9999982_00000_d_0000239.jpg	/home/wangzhe/DroneP_VG/dataset/VisDroneSplit1000Guarded/VisDrone2019-DET-train/annotations/9999982_00000_d_0000239.txt	train
train	9999982_00000_d_0000248	/home/wangzhe/DroneP_VG/dataset/VisDroneSplit1000Guarded/VisDrone2019-DET-train/images/9999982_00000_d_0000248.jpg	/home/wangzhe/DroneP_VG/dataset/VisDroneSplit1000Guarded/VisDrone2019-DET-train/annotations/9999982_00000_d_0000248.txt	train
train	9999984_00000_d_0000024	/home/wangzhe/DroneP_VG/dataset/VisDroneSplit1000Guarded/VisDrone2019-DET-train/images/9999984_00000_d_0000024.jpg	/home/wangzhe/DroneP_VG/dataset/VisDroneSplit1000Guarded/VisDrone2019-DET-train/annotations/9999984_00000_d_0000024.txt	train
train	9999984_00000_d_0000028	/home/wangzhe/DroneP_VG/dataset/VisDroneSplit1000Guarded/VisDrone2019-DET-train/images/9999984_00000_d_0000028.jpg	/home/wangzhe/DroneP_VG/dataset/VisDroneSplit1000Guarded/VisDrone2019-DET-train/annotations/9999984_00000_d_0000028.txt	train
train	9999984_00000_d_0000042	/home/wangzhe/DroneP_VG/dataset/VisDroneSplit1000Guarded/VisDrone2019-DET-train/images/9999984_00000_d_0000042.jpg	/home/wangzhe/DroneP_VG/dataset/VisDroneSplit1000Guarded/VisDrone2019-DET-train/annotations/9999984_00000_d_0000042.txt	train
train	9999984_00000_d_0000088	/home/wangzhe/DroneP_VG/dataset/VisDroneSplit1000Guarded/VisDrone2019-DET-train/images/9999984_00000_d_0000088.jpg	/home/wangzhe/DroneP_VG/dataset/VisDroneSplit1000Guarded/VisDrone2019-DET-train/annotations/9999984_00000_d_0000088.txt	train
train	9999984_00000_d_0000094	/home/wangzhe/DroneP_VG/dataset/VisDroneSplit1000Guarded/VisDrone2019-DET-train/images/9999984_00000_d_0000094.jpg	/home/wangzhe/DroneP_VG/dataset/VisDroneSplit1000Guarded/VisDrone2019-DET-train/annotations/9999984_00000_d_0000094.txt	train
train	9999984_00000_d_0000136	/home/wangzhe/DroneP_VG/dataset/VisDroneSplit1000Guarded/VisDrone2019-DET-train/images/9999984_00000_d_0000136.jpg	/home/wangzhe/DroneP_VG/dataset/VisDroneSplit1000Guarded/VisDrone2019-DET-train/annotations/9999984_00000_d_0000136.txt	train
train	9999984_00000_d_0000141	/home/wangzhe/DroneP_VG/dataset/VisDroneSplit1000Guarded/VisDrone2019-DET-train/images/9999984_00000_d_0000141.jpg	/home/wangzhe/DroneP_VG/dataset/VisDroneSplit1000Guarded/VisDrone2019-DET-train/annotations/9999984_00000_d_0000141.txt	train
train	9999984_00000_d_0000170	/home/wangzhe/DroneP_VG/dataset/VisDroneSplit1000Guarded/VisDrone2019-DET-train/images/9999984_00000_d_0000170.jpg	/home/wangzhe/DroneP_VG/dataset/VisDroneSplit1000Guarded/VisDrone2019-DET-train/annotations/9999984_00000_d_0000170.txt	train
train	9999985_00000_d_0000003	/home/wangzhe/DroneP_VG/dataset/VisDroneSplit1000Guarded/VisDrone2019-DET-train/images/9999985_00000_d_0000003.jpg	/home/wangzhe/DroneP_VG/dataset/VisDroneSplit1000Guarded/VisDrone2019-DET-train/annotations/9999985_00000_d_0000003.txt	train
train	9999985_00000_d_0000011	/home/wangzhe/DroneP_VG/dataset/VisDroneSplit1000Guarded/VisDrone2019-DET-train/images/9999985_00000_d_0000011.jpg	/home/wangzhe/DroneP_VG/dataset/VisDroneSplit1000Guarded/VisDrone2019-DET-train/annotations/9999985_00000_d_0000011.txt	train
train	9999985_00000_d_0000031	/home/wangzhe/DroneP_VG/dataset/VisDroneSplit1000Guarded/VisDrone2019-DET-train/images/9999985_00000_d_0000031.jpg	/home/wangzhe/DroneP_VG/dataset/VisDroneSplit1000Guarded/VisDrone2019-DET-train/annotations/9999985_00000_d_0000031.txt	train
train	9999985_00000_d_0000045	/home/wangzhe/DroneP_VG/dataset/VisDroneSplit1000Guarded/VisDrone2019-DET-train/images/9999985_00000_d_0000045.jpg	/home/wangzhe/DroneP_VG/dataset/VisDroneSplit1000Guarded/VisDrone2019-DET-train/annotations/9999985_00000_d_0000045.txt	train
train	9999985_00000_d_0000046	/home/wangzhe/DroneP_VG/dataset/VisDroneSplit1000Guarded/VisDrone2019-DET-train/images/9999985_00000_d_0000046.jpg	/home/wangzhe/DroneP_VG/dataset/VisDroneSplit1000Guarded/VisDrone2019-DET-train/annotations/9999985_00000_d_0000046.txt	train
train	9999985_00000_d_0000052	/home/wangzhe/DroneP_VG/dataset/VisDroneSplit1000Guarded/VisDrone2019-DET-train/images/9999985_00000_d_0000052.jpg	/home/wangzhe/DroneP_VG/dataset/VisDroneSplit1000Guarded/VisDrone2019-DET-train/annotations/9999985_00000_d_0000052.txt	train
train	9999985_00000_d_0000064	/home/wangzhe/DroneP_VG/dataset/VisDroneSplit1000Guarded/VisDrone2019-DET-train/images/9999985_00000_d_0000064.jpg	/home/wangzhe/DroneP_VG/dataset/VisDroneSplit1000Guarded/VisDrone2019-DET-train/annotations/9999985_00000_d_0000064.txt	train
train	9999986_00000_d_0000016	/home/wangzhe/DroneP_VG/dataset/VisDroneSplit1000Guarded/VisDrone2019-DET-train/images/9999986_00000_d_0000016.jpg	/home/wangzhe/DroneP_VG/dataset/VisDroneSplit1000Guarded/VisDrone2019-DET-train/annotations/9999986_00000_d_0000016.txt	test
train	9999986_00000_d_0000020	/home/wangzhe/DroneP_VG/dataset/VisDroneSplit1000Guarded/VisDrone2019-DET-train/images/9999986_00000_d_0000020.jpg	/home/wangzhe/DroneP_VG/dataset/VisDroneSplit1000Guarded/VisDrone2019-DET-train/annotations/9999986_00000_d_0000020.txt	test
train	9999986_00000_d_0000021	/home/wangzhe/DroneP_VG/dataset/VisDroneSplit1000Guarded/VisDrone2019-DET-train/images/9999986_00000_d_0000021.jpg	/home/wangzhe/DroneP_VG/dataset/VisDroneSplit1000Guarded/VisDrone2019-DET-train/annotations/9999986_00000_d_0000021.txt	visdrone_test_100
train	9999986_00000_d_0000023	/home/wangzhe/DroneP_VG/dataset/VisDroneSplit1000Guarded/VisDrone2019-DET-train/images/9999986_00000_d_0000023.jpg	/home/wangzhe/DroneP_VG/dataset/VisDroneSplit1000Guarded/VisDrone2019-DET-train/annotations/9999986_00000_d_0000023.txt	test
train	9999986_00000_d_0000024	/home/wangzhe/DroneP_VG/dataset/VisDroneSplit1000Guarded/VisDrone2019-DET-train/images/9999986_00000_d_0000024.jpg	/home/wangzhe/DroneP_VG/dataset/VisDroneSplit1000Guarded/VisDrone2019-DET-train/annotations/9999986_00000_d_0000024.txt	test
train	9999986_00000_d_0000031	/home/wangzhe/DroneP_VG/dataset/VisDroneSplit1000Guarded/VisDrone2019-DET-train/images/9999986_00000_d_0000031.jpg	/home/wangzhe/DroneP_VG/dataset/VisDroneSplit1000Guarded/VisDrone2019-DET-train/annotations/9999986_00000_d_0000031.txt	test
train	9999986_00000_d_0000046	/home/wangzhe/DroneP_VG/dataset/VisDroneSplit1000Guarded/VisDrone2019-DET-train/images/9999986_00000_d_0000046.jpg	/home/wangzhe/DroneP_VG/dataset/VisDroneSplit1000Guarded/VisDrone2019-DET-train/annotations/9999986_00000_d_0000046.txt	test
train	9999987_00000_d_0000001	/home/wangzhe/DroneP_VG/dataset/VisDroneSplit1000Guarded/VisDrone2019-DET-train/images/9999987_00000_d_0000001.jpg	/home/wangzhe/DroneP_VG/dataset/VisDroneSplit1000Guarded/VisDrone2019-DET-train/annotations/9999987_00000_d_0000001.txt	train
train	9999987_00000_d_0000027	/home/wangzhe/DroneP_VG/dataset/VisDroneSplit1000Guarded/VisDrone2019-DET-train/images/9999987_00000_d_0000027.jpg	/home/wangzhe/DroneP_VG/dataset/VisDroneSplit1000Guarded/VisDrone2019-DET-train/annotations/9999987_00000_d_0000027.txt	train
train	9999987_00000_d_0000031	/home/wangzhe/DroneP_VG/dataset/VisDroneSplit1000Guarded/VisDrone2019-DET-train/images/9999987_00000_d_0000031.jpg	/home/wangzhe/DroneP_VG/dataset/VisDroneSplit1000Guarded/VisDrone2019-DET-train/annotations/9999987_00000_d_0000031.txt	train
train	9999987_00000_d_0000034	/home/wangzhe/DroneP_VG/dataset/VisDroneSplit1000Guarded/VisDrone2019-DET-train/images/9999987_00000_d_0000034.jpg	/home/wangzhe/DroneP_VG/dataset/VisDroneSplit1000Guarded/VisDrone2019-DET-train/annotations/9999987_00000_d_0000034.txt	train
train	9999987_00000_d_0000035	/home/wangzhe/DroneP_VG/dataset/VisDroneSplit1000Guarded/VisDrone2019-DET-train/images/9999987_00000_d_0000035.jpg	/home/wangzhe/DroneP_VG/dataset/VisDroneSplit1000Guarded/VisDrone2019-DET-train/annotations/9999987_00000_d_0000035.txt	train
train	9999987_00000_d_0000044	/home/wangzhe/DroneP_VG/dataset/VisDroneSplit1000Guarded/VisDrone2019-DET-train/images/9999987_00000_d_0000044.jpg	/home/wangzhe/DroneP_VG/dataset/VisDroneSplit1000Guarded/VisDrone2019-DET-train/annotations/9999987_00000_d_0000044.txt	train
train	9999987_00000_d_0000047	/home/wangzhe/DroneP_VG/dataset/VisDroneSplit1000Guarded/VisDrone2019-DET-train/images/9999987_00000_d_0000047.jpg	/home/wangzhe/DroneP_VG/dataset/VisDroneSplit1000Guarded/VisDrone2019-DET-train/annotations/9999987_00000_d_0000047.txt	train
train	9999989_00000_d_0000012	/home/wangzhe/DroneP_VG/dataset/VisDroneSplit1000Guarded/VisDrone2019-DET-train/images/9999989_00000_d_0000012.jpg	/home/wangzhe/DroneP_VG/dataset/VisDroneSplit1000Guarded/VisDrone2019-DET-train/annotations/9999989_00000_d_0000012.txt	train
train	9999990_00000_d_0000018	/home/wangzhe/DroneP_VG/dataset/VisDroneSplit1000Guarded/VisDrone2019-DET-train/images/9999990_00000_d_0000018.jpg	/home/wangzhe/DroneP_VG/dataset/VisDroneSplit1000Guarded/VisDrone2019-DET-train/annotations/9999990_00000_d_0000018.txt	train
train	9999990_00000_d_0000063	/home/wangzhe/DroneP_VG/dataset/VisDroneSplit1000Guarded/VisDrone2019-DET-train/images/9999990_00000_d_0000063.jpg	/home/wangzhe/DroneP_VG/dataset/VisDroneSplit1000Guarded/VisDrone2019-DET-train/annotations/9999990_00000_d_0000063.txt	train
train	9999990_00000_d_0000064	/home/wangzhe/DroneP_VG/dataset/VisDroneSplit1000Guarded/VisDrone2019-DET-train/images/9999990_00000_d_0000064.jpg	/home/wangzhe/DroneP_VG/dataset/VisDroneSplit1000Guarded/VisDrone2019-DET-train/annotations/9999990_00000_d_0000064.txt	train
train	9999991_00000_d_0000001	/home/wangzhe/DroneP_VG/dataset/VisDroneSplit1000Guarded/VisDrone2019-DET-train/images/9999991_00000_d_0000001.jpg	/home/wangzhe/DroneP_VG/dataset/VisDroneSplit1000Guarded/VisDrone2019-DET-train/annotations/9999991_00000_d_0000001.txt	train
train	9999991_00000_d_0000025	/home/wangzhe/DroneP_VG/dataset/VisDroneSplit1000Guarded/VisDrone2019-DET-train/images/9999991_00000_d_0000025.jpg	/home/wangzhe/DroneP_VG/dataset/VisDroneSplit1000Guarded/VisDrone2019-DET-train/annotations/9999991_00000_d_0000025.txt	train
train	9999991_00000_d_0000027	/home/wangzhe/DroneP_VG/dataset/VisDroneSplit1000Guarded/VisDrone2019-DET-train/images/9999991_00000_d_0000027.jpg	/home/wangzhe/DroneP_VG/dataset/VisDroneSplit1000Guarded/VisDrone2019-DET-train/annotations/9999991_00000_d_0000027.txt	train
train	9999993_00000_d_0000002	/home/wangzhe/DroneP_VG/dataset/VisDroneSplit1000Guarded/VisDrone2019-DET-train/images/9999993_00000_d_0000002.jpg	/home/wangzhe/DroneP_VG/dataset/VisDroneSplit1000Guarded/VisDrone2019-DET-train/annotations/9999993_00000_d_0000002.txt	test
train	9999993_00000_d_0000008	/home/wangzhe/DroneP_VG/dataset/VisDroneSplit1000Guarded/VisDrone2019-DET-train/images/9999993_00000_d_0000008.jpg	/home/wangzhe/DroneP_VG/dataset/VisDroneSplit1000Guarded/VisDrone2019-DET-train/annotations/9999993_00000_d_0000008.txt	visdrone_test_100
train	9999993_00000_d_0000013	/home/wangzhe/DroneP_VG/dataset/VisDroneSplit1000Guarded/VisDrone2019-DET-train/images/9999993_00000_d_0000013.jpg	/home/wangzhe/DroneP_VG/dataset/VisDroneSplit1000Guarded/VisDrone2019-DET-train/annotations/9999993_00000_d_0000013.txt	test
train	9999993_00000_d_0000018	/home/wangzhe/DroneP_VG/dataset/VisDroneSplit1000Guarded/VisDrone2019-DET-train/images/9999993_00000_d_0000018.jpg	/home/wangzhe/DroneP_VG/dataset/VisDroneSplit1000Guarded/VisDrone2019-DET-train/annotations/9999993_00000_d_0000018.txt	test
train	9999994_00000_d_0000073	/home/wangzhe/DroneP_VG/dataset/VisDroneSplit1000Guarded/VisDrone2019-DET-train/images/9999994_00000_d_0000073.jpg	/home/wangzhe/DroneP_VG/dataset/VisDroneSplit1000Guarded/VisDrone2019-DET-train/annotations/9999994_00000_d_0000073.txt	train
train	9999994_00000_d_0000086	/home/wangzhe/DroneP_VG/dataset/VisDroneSplit1000Guarded/VisDrone2019-DET-train/images/9999994_00000_d_0000086.jpg	/home/wangzhe/DroneP_VG/dataset/VisDroneSplit1000Guarded/VisDrone2019-DET-train/annotations/9999994_00000_d_0000086.txt	train
train	9999994_00000_d_0000096	/home/wangzhe/DroneP_VG/dataset/VisDroneSplit1000Guarded/VisDrone2019-DET-train/images/9999994_00000_d_0000096.jpg	/home/wangzhe/DroneP_VG/dataset/VisDroneSplit1000Guarded/VisDrone2019-DET-train/annotations/9999994_00000_d_0000096.txt	train
train	9999996_00000_d_0000004	/home/wangzhe/DroneP_VG/dataset/VisDroneSplit1000Guarded/VisDrone2019-DET-train/images/9999996_00000_d_0000004.jpg	/home/wangzhe/DroneP_VG/dataset/VisDroneSplit1000Guarded/VisDrone2019-DET-train/annotations/9999996_00000_d_0000004.txt	visdrone_test_100
train	9999996_00000_d_0000005	/home/wangzhe/DroneP_VG/dataset/VisDroneSplit1000Guarded/VisDrone2019-DET-train/images/9999996_00000_d_0000005.jpg	/home/wangzhe/DroneP_VG/dataset/VisDroneSplit1000Guarded/VisDrone2019-DET-train/annotations/9999996_00000_d_0000005.txt	test
train	9999996_00000_d_0000008	/home/wangzhe/DroneP_VG/dataset/VisDroneSplit1000Guarded/VisDrone2019-DET-train/images/9999996_00000_d_0000008.jpg	/home/wangzhe/DroneP_VG/dataset/VisDroneSplit1000Guarded/VisDrone2019-DET-train/annotations/9999996_00000_d_0000008.txt	test
train	9999996_00000_d_0000010	/home/wangzhe/DroneP_VG/dataset/VisDroneSplit1000Guarded/VisDrone2019-DET-train/images/9999996_00000_d_0000010.jpg	/home/wangzhe/DroneP_VG/dataset/VisDroneSplit1000Guarded/VisDrone2019-DET-train/annotations/9999996_00000_d_0000010.txt	test
train	9999997_00000_d_0000046	/home/wangzhe/DroneP_VG/dataset/VisDroneSplit1000Guarded/VisDrone2019-DET-train/images/9999997_00000_d_0000046.jpg	/home/wangzhe/DroneP_VG/dataset/VisDroneSplit1000Guarded/VisDrone2019-DET-train/annotations/9999997_00000_d_0000046.txt	train
train	9999998_00003_d_0000002	/home/wangzhe/DroneP_VG/dataset/VisDroneSplit1000Guarded/VisDrone2019-DET-train/images/9999998_00003_d_0000002.jpg	/home/wangzhe/DroneP_VG/dataset/VisDroneSplit1000Guarded/VisDrone2019-DET-train/annotations/9999998_00003_d_0000002.txt	train
train	9999998_00015_d_0000011	/home/wangzhe/DroneP_VG/dataset/VisDroneSplit1000Guarded/VisDrone2019-DET-train/images/9999998_00015_d_0000011.jpg	/home/wangzhe/DroneP_VG/dataset/VisDroneSplit1000Guarded/VisDrone2019-DET-train/annotations/9999998_00015_d_0000011.txt	train
train	9999998_00023_d_0000017	/home/wangzhe/DroneP_VG/dataset/VisDroneSplit1000Guarded/VisDrone2019-DET-train/images/9999998_00023_d_0000017.jpg	/home/wangzhe/DroneP_VG/dataset/VisDroneSplit1000Guarded/VisDrone2019-DET-train/annotations/9999998_00023_d_0000017.txt	train
train	9999998_00040_d_0000032	/home/wangzhe/DroneP_VG/dataset/VisDroneSplit1000Guarded/VisDrone2019-DET-train/images/9999998_00040_d_0000032.jpg	/home/wangzhe/DroneP_VG/dataset/VisDroneSplit1000Guarded/VisDrone2019-DET-train/annotations/9999998_00040_d_0000032.txt	train
train	9999998_00061_d_0000047	/home/wangzhe/DroneP_VG/dataset/VisDroneSplit1000Guarded/VisDrone2019-DET-train/images/9999998_00061_d_0000047.jpg	/home/wangzhe/DroneP_VG/dataset/VisDroneSplit1000Guarded/VisDrone2019-DET-train/annotations/9999998_00061_d_0000047.txt	train
train	9999998_00104_d_0000082	/home/wangzhe/DroneP_VG/dataset/VisDroneSplit1000Guarded/VisDrone2019-DET-train/images/9999998_00104_d_0000082.jpg	/home/wangzhe/DroneP_VG/dataset/VisDroneSplit1000Guarded/VisDrone2019-DET-train/annotations/9999998_00104_d_0000082.txt	train
train	9999998_00109_d_0000087	/home/wangzhe/DroneP_VG/dataset/VisDroneSplit1000Guarded/VisDrone2019-DET-train/images/9999998_00109_d_0000087.jpg	/home/wangzhe/DroneP_VG/dataset/VisDroneSplit1000Guarded/VisDrone2019-DET-train/annotations/9999998_00109_d_0000087.txt	train
train	9999998_00130_d_0000108	/home/wangzhe/DroneP_VG/dataset/VisDroneSplit1000Guarded/VisDrone2019-DET-train/images/9999998_00130_d_0000108.jpg	/home/wangzhe/DroneP_VG/dataset/VisDroneSplit1000Guarded/VisDrone2019-DET-train/annotations/9999998_00130_d_0000108.txt	train
train	9999998_00141_d_0000118	/home/wangzhe/DroneP_VG/dataset/VisDroneSplit1000Guarded/VisDrone2019-DET-train/images/9999998_00141_d_0000118.jpg	/home/wangzhe/DroneP_VG/dataset/VisDroneSplit1000Guarded/VisDrone2019-DET-train/annotations/9999998_00141_d_0000118.txt	train
train	9999998_00183_d_0000147	/home/wangzhe/DroneP_VG/dataset/VisDroneSplit1000Guarded/VisDrone2019-DET-train/images/9999998_00183_d_0000147.jpg	/home/wangzhe/DroneP_VG/dataset/VisDroneSplit1000Guarded/VisDrone2019-DET-train/annotations/9999998_00183_d_0000147.txt	train
train	9999998_00212_d_0000169	/home/wangzhe/DroneP_VG/dataset/VisDroneSplit1000Guarded/VisDrone2019-DET-train/images/9999998_00212_d_0000169.jpg	/home/wangzhe/DroneP_VG/dataset/VisDroneSplit1000Guarded/VisDrone2019-DET-train/annotations/9999998_00212_d_0000169.txt	train
train	9999998_00217_d_0000173	/home/wangzhe/DroneP_VG/dataset/VisDroneSplit1000Guarded/VisDrone2019-DET-train/images/9999998_00217_d_0000173.jpg	/home/wangzhe/DroneP_VG/dataset/VisDroneSplit1000Guarded/VisDrone2019-DET-train/annotations/9999998_00217_d_0000173.txt	train
train	9999998_00221_d_0000177	/home/wangzhe/DroneP_VG/dataset/VisDroneSplit1000Guarded/VisDrone2019-DET-train/images/9999998_00221_d_0000177.jpg	/home/wangzhe/DroneP_VG/dataset/VisDroneSplit1000Guarded/VisDrone2019-DET-train/annotations/9999998_00221_d_0000177.txt	train
train	9999998_00224_d_0000180	/home/wangzhe/DroneP_VG/dataset/VisDroneSplit1000Guarded/VisDrone2019-DET-train/images/9999998_00224_d_0000180.jpg	/home/wangzhe/DroneP_VG/dataset/VisDroneSplit1000Guarded/VisDrone2019-DET-train/annotations/9999998_00224_d_0000180.txt	train
train	9999998_00242_d_0000196	/home/wangzhe/DroneP_VG/dataset/VisDroneSplit1000Guarded/VisDrone2019-DET-train/images/9999998_00242_d_0000196.jpg	/home/wangzhe/DroneP_VG/dataset/VisDroneSplit1000Guarded/VisDrone2019-DET-train/annotations/9999998_00242_d_0000196.txt	train
train	9999998_00285_d_0000238	/home/wangzhe/DroneP_VG/dataset/VisDroneSplit1000Guarded/VisDrone2019-DET-train/images/9999998_00285_d_0000238.jpg	/home/wangzhe/DroneP_VG/dataset/VisDroneSplit1000Guarded/VisDrone2019-DET-train/annotations/9999998_00285_d_0000238.txt	train
train	9999998_00303_d_0000256	/home/wangzhe/DroneP_VG/dataset/VisDroneSplit1000Guarded/VisDrone2019-DET-train/images/9999998_00303_d_0000256.jpg	/home/wangzhe/DroneP_VG/dataset/VisDroneSplit1000Guarded/VisDrone2019-DET-train/annotations/9999998_00303_d_0000256.txt	train
train	9999998_00308_d_0000261	/home/wangzhe/DroneP_VG/dataset/VisDroneSplit1000Guarded/VisDrone2019-DET-train/images/9999998_00308_d_0000261.jpg	/home/wangzhe/DroneP_VG/dataset/VisDroneSplit1000Guarded/VisDrone2019-DET-train/annotations/9999998_00308_d_0000261.txt	train
train	9999998_00315_d_0000268	/home/wangzhe/DroneP_VG/dataset/VisDroneSplit1000Guarded/VisDrone2019-DET-train/images/9999998_00315_d_0000268.jpg	/home/wangzhe/DroneP_VG/dataset/VisDroneSplit1000Guarded/VisDrone2019-DET-train/annotations/9999998_00315_d_0000268.txt	train
train	9999998_00320_d_0000273	/home/wangzhe/DroneP_VG/dataset/VisDroneSplit1000Guarded/VisDrone2019-DET-train/images/9999998_00320_d_0000273.jpg	/home/wangzhe/DroneP_VG/dataset/VisDroneSplit1000Guarded/VisDrone2019-DET-train/annotations/9999998_00320_d_0000273.txt	train
train	9999998_00326_d_0000278	/home/wangzhe/DroneP_VG/dataset/VisDroneSplit1000Guarded/VisDrone2019-DET-train/images/9999998_00326_d_0000278.jpg	/home/wangzhe/DroneP_VG/dataset/VisDroneSplit1000Guarded/VisDrone2019-DET-train/annotations/9999998_00326_d_0000278.txt	train
train	9999998_00328_d_0000280	/home/wangzhe/DroneP_VG/dataset/VisDroneSplit1000Guarded/VisDrone2019-DET-train/images/9999998_00328_d_0000280.jpg	/home/wangzhe/DroneP_VG/dataset/VisDroneSplit1000Guarded/VisDrone2019-DET-train/annotations/9999998_00328_d_0000280.txt	train
train	9999998_00335_d_0000287	/home/wangzhe/DroneP_VG/dataset/VisDroneSplit1000Guarded/VisDrone2019-DET-train/images/9999998_00335_d_0000287.jpg	/home/wangzhe/DroneP_VG/dataset/VisDroneSplit1000Guarded/VisDrone2019-DET-train/annotations/9999998_00335_d_0000287.txt	train
train	9999998_00344_d_0000296	/home/wangzhe/DroneP_VG/dataset/VisDroneSplit1000Guarded/VisDrone2019-DET-train/images/9999998_00344_d_0000296.jpg	/home/wangzhe/DroneP_VG/dataset/VisDroneSplit1000Guarded/VisDrone2019-DET-train/annotations/9999998_00344_d_0000296.txt	train
train	9999998_00348_d_0000300	/home/wangzhe/DroneP_VG/dataset/VisDroneSplit1000Guarded/VisDrone2019-DET-train/images/9999998_00348_d_0000300.jpg	/home/wangzhe/DroneP_VG/dataset/VisDroneSplit1000Guarded/VisDrone2019-DET-train/annotations/9999998_00348_d_0000300.txt	train
train	9999998_00355_d_0000307	/home/wangzhe/DroneP_VG/dataset/VisDroneSplit1000Guarded/VisDrone2019-DET-train/images/9999998_00355_d_0000307.jpg	/home/wangzhe/DroneP_VG/dataset/VisDroneSplit1000Guarded/VisDrone2019-DET-train/annotations/9999998_00355_d_0000307.txt	train
train	9999998_00366_d_0000318	/home/wangzhe/DroneP_VG/dataset/VisDroneSplit1000Guarded/VisDrone2019-DET-train/images/9999998_00366_d_0000318.jpg	/home/wangzhe/DroneP_VG/dataset/VisDroneSplit1000Guarded/VisDrone2019-DET-train/annotations/9999998_00366_d_0000318.txt	train
train	9999998_00372_d_0000324	/home/wangzhe/DroneP_VG/dataset/VisDroneSplit1000Guarded/VisDrone2019-DET-train/images/9999998_00372_d_0000324.jpg	/home/wangzhe/DroneP_VG/dataset/VisDroneSplit1000Guarded/VisDrone2019-DET-train/annotations/9999998_00372_d_0000324.txt	train
train	9999998_00385_d_0000337	/home/wangzhe/DroneP_VG/dataset/VisDroneSplit1000Guarded/VisDrone2019-DET-train/images/9999998_00385_d_0000337.jpg	/home/wangzhe/DroneP_VG/dataset/VisDroneSplit1000Guarded/VisDrone2019-DET-train/annotations/9999998_00385_d_0000337.txt	train
train	9999998_00395_d_0000347	/home/wangzhe/DroneP_VG/dataset/VisDroneSplit1000Guarded/VisDrone2019-DET-train/images/9999998_00395_d_0000347.jpg	/home/wangzhe/DroneP_VG/dataset/VisDroneSplit1000Guarded/VisDrone2019-DET-train/annotations/9999998_00395_d_0000347.txt	train
train	9999998_00422_d_0000374	/home/wangzhe/DroneP_VG/dataset/VisDroneSplit1000Guarded/VisDrone2019-DET-train/images/9999998_00422_d_0000374.jpg	/home/wangzhe/DroneP_VG/dataset/VisDroneSplit1000Guarded/VisDrone2019-DET-train/annotations/9999998_00422_d_0000374.txt	train
train	9999998_00430_d_0000382	/home/wangzhe/DroneP_VG/dataset/VisDroneSplit1000Guarded/VisDrone2019-DET-train/images/9999998_00430_d_0000382.jpg	/home/wangzhe/DroneP_VG/dataset/VisDroneSplit1000Guarded/VisDrone2019-DET-train/annotations/9999998_00430_d_0000382.txt	train
train	9999998_00435_d_0000387	/home/wangzhe/DroneP_VG/dataset/VisDroneSplit1000Guarded/VisDrone2019-DET-train/images/9999998_00435_d_0000387.jpg	/home/wangzhe/DroneP_VG/dataset/VisDroneSplit1000Guarded/VisDrone2019-DET-train/annotations/9999998_00435_d_0000387.txt	train
train	9999999_00031_d_0000004	/home/wangzhe/DroneP_VG/dataset/VisDroneSplit1000Guarded/VisDrone2019-DET-train/images/9999999_00031_d_0000004.jpg	/home/wangzhe/DroneP_VG/dataset/VisDroneSplit1000Guarded/VisDrone2019-DET-train/annotations/9999999_00031_d_0000004.txt	train
train	9999999_00167_d_0000068	/home/wangzhe/DroneP_VG/dataset/VisDroneSplit1000Guarded/VisDrone2019-DET-train/images/9999999_00167_d_0000068.jpg	/home/wangzhe/DroneP_VG/dataset/VisDroneSplit1000Guarded/VisDrone2019-DET-train/annotations/9999999_00167_d_0000068.txt	train
train	9999999_00181_d_0000074	/home/wangzhe/DroneP_VG/dataset/VisDroneSplit1000Guarded/VisDrone2019-DET-train/images/9999999_00181_d_0000074.jpg	/home/wangzhe/DroneP_VG/dataset/VisDroneSplit1000Guarded/VisDrone2019-DET-train/annotations/9999999_00181_d_0000074.txt	train
train	9999999_00187_d_0000077	/home/wangzhe/DroneP_VG/dataset/VisDroneSplit1000Guarded/VisDrone2019-DET-train/images/9999999_00187_d_0000077.jpg	/home/wangzhe/DroneP_VG/dataset/VisDroneSplit1000Guarded/VisDrone2019-DET-train/annotations/9999999_00187_d_0000077.txt	train
train	9999999_00271_d_0000118	/home/wangzhe/DroneP_VG/dataset/VisDroneSplit1000Guarded/VisDrone2019-DET-train/images/9999999_00271_d_0000118.jpg	/home/wangzhe/DroneP_VG/dataset/VisDroneSplit1000Guarded/VisDrone2019-DET-train/annotations/9999999_00271_d_0000118.txt	train
train	9999999_00281_d_0000123	/home/wangzhe/DroneP_VG/dataset/VisDroneSplit1000Guarded/VisDrone2019-DET-train/images/9999999_00281_d_0000123.jpg	/home/wangzhe/DroneP_VG/dataset/VisDroneSplit1000Guarded/VisDrone2019-DET-train/annotations/9999999_00281_d_0000123.txt	train
train	9999999_00289_d_0000127	/home/wangzhe/DroneP_VG/dataset/VisDroneSplit1000Guarded/VisDrone2019-DET-train/images/9999999_00289_d_0000127.jpg	/home/wangzhe/DroneP_VG/dataset/VisDroneSplit1000Guarded/VisDrone2019-DET-train/annotations/9999999_00289_d_0000127.txt	train
train	9999999_00328_d_0000143	/home/wangzhe/DroneP_VG/dataset/VisDroneSplit1000Guarded/VisDrone2019-DET-train/images/9999999_00328_d_0000143.jpg	/home/wangzhe/DroneP_VG/dataset/VisDroneSplit1000Guarded/VisDrone2019-DET-train/annotations/9999999_00328_d_0000143.txt	train
train	9999999_00382_d_0000166	/home/wangzhe/DroneP_VG/dataset/VisDroneSplit1000Guarded/VisDrone2019-DET-train/images/9999999_00382_d_0000166.jpg	/home/wangzhe/DroneP_VG/dataset/VisDroneSplit1000Guarded/VisDrone2019-DET-train/annotations/9999999_00382_d_0000166.txt	train
train	9999999_00396_d_0000173	/home/wangzhe/DroneP_VG/dataset/VisDroneSplit1000Guarded/VisDrone2019-DET-train/images/9999999_00396_d_0000173.jpg	/home/wangzhe/DroneP_VG/dataset/VisDroneSplit1000Guarded/VisDrone2019-DET-train/annotations/9999999_00396_d_0000173.txt	train
train	9999999_00446_d_0000198	/home/wangzhe/DroneP_VG/dataset/VisDroneSplit1000Guarded/VisDrone2019-DET-train/images/9999999_00446_d_0000198.jpg	/home/wangzhe/DroneP_VG/dataset/VisDroneSplit1000Guarded/VisDrone2019-DET-train/annotations/9999999_00446_d_0000198.txt	train
train	9999999_00456_d_0000203	/home/wangzhe/DroneP_VG/dataset/VisDroneSplit1000Guarded/VisDrone2019-DET-train/images/9999999_00456_d_0000203.jpg	/home/wangzhe/DroneP_VG/dataset/VisDroneSplit1000Guarded/VisDrone2019-DET-train/annotations/9999999_00456_d_0000203.txt	train
train	9999999_00472_d_0000211	/home/wangzhe/DroneP_VG/dataset/VisDroneSplit1000Guarded/VisDrone2019-DET-train/images/9999999_00472_d_0000211.jpg	/home/wangzhe/DroneP_VG/dataset/VisDroneSplit1000Guarded/VisDrone2019-DET-train/annotations/9999999_00472_d_0000211.txt	train
train	9999999_00488_d_0000217	/home/wangzhe/DroneP_VG/dataset/VisDroneSplit1000Guarded/VisDrone2019-DET-train/images/9999999_00488_d_0000217.jpg	/home/wangzhe/DroneP_VG/dataset/VisDroneSplit1000Guarded/VisDrone2019-DET-train/annotations/9999999_00488_d_0000217.txt	train
train	9999999_00534_d_0000239	/home/wangzhe/DroneP_VG/dataset/VisDroneSplit1000Guarded/VisDrone2019-DET-train/images/9999999_00534_d_0000239.jpg	/home/wangzhe/DroneP_VG/dataset/VisDroneSplit1000Guarded/VisDrone2019-DET-train/annotations/9999999_00534_d_0000239.txt	train
train	9999999_00594_d_0000269	/home/wangzhe/DroneP_VG/dataset/VisDroneSplit1000Guarded/VisDrone2019-DET-train/images/9999999_00594_d_0000269.jpg	/home/wangzhe/DroneP_VG/dataset/VisDroneSplit1000Guarded/VisDrone2019-DET-train/annotations/9999999_00594_d_0000269.txt	train
train	9999999_00598_d_0000271	/home/wangzhe/DroneP_VG/dataset/VisDroneSplit1000Guarded/VisDrone2019-DET-train/images/9999999_00598_d_0000271.jpg	/home/wangzhe/DroneP_VG/dataset/VisDroneSplit1000Guarded/VisDrone2019-DET-train/annotations/9999999_00598_d_0000271.txt	train
train	9999999_00608_d_0000276	/home/wangzhe/DroneP_VG/dataset/VisDroneSplit1000Guarded/VisDrone2019-DET-train/images/9999999_00608_d_0000276.jpg	/home/wangzhe/DroneP_VG/dataset/VisDroneSplit1000Guarded/VisDrone2019-DET-train/annotations/9999999_00608_d_0000276.txt	train
train	9999999_00653_d_0000297	/home/wangzhe/DroneP_VG/dataset/VisDroneSplit1000Guarded/VisDrone2019-DET-train/images/9999999_00653_d_0000297.jpg	/home/wangzhe/DroneP_VG/dataset/VisDroneSplit1000Guarded/VisDrone2019-DET-train/annotations/9999999_00653_d_0000297.txt	train
train	9999999_00697_d_0000316	/home/wangzhe/DroneP_VG/dataset/VisDroneSplit1000Guarded/VisDrone2019-DET-train/images/9999999_00697_d_0000316.jpg	/home/wangzhe/DroneP_VG/dataset/VisDroneSplit1000Guarded/VisDrone2019-DET-train/annotations/9999999_00697_d_0000316.txt	train
train	9999999_00725_d_0000330	/home/wangzhe/DroneP_VG/dataset/VisDroneSplit1000Guarded/VisDrone2019-DET-train/images/9999999_00725_d_0000330.jpg	/home/wangzhe/DroneP_VG/dataset/VisDroneSplit1000Guarded/VisDrone2019-DET-train/annotations/9999999_00725_d_0000330.txt	train
train	9999999_00785_d_0000359	/home/wangzhe/DroneP_VG/dataset/VisDroneSplit1000Guarded/VisDrone2019-DET-train/images/9999999_00785_d_0000359.jpg	/home/wangzhe/DroneP_VG/dataset/VisDroneSplit1000Guarded/VisDrone2019-DET-train/annotations/9999999_00785_d_0000359.txt	train
train	9999999_00793_d_0000363	/home/wangzhe/DroneP_VG/dataset/VisDroneSplit1000Guarded/VisDrone2019-DET-train/images/9999999_00793_d_0000363.jpg	/home/wangzhe/DroneP_VG/dataset/VisDroneSplit1000Guarded/VisDrone2019-DET-train/annotations/9999999_00793_d_0000363.txt	train
train	9999999_00809_d_0000370	/home/wangzhe/DroneP_VG/dataset/VisDroneSplit1000Guarded/VisDrone2019-DET-train/images/9999999_00809_d_0000370.jpg	/home/wangzhe/DroneP_VG/dataset/VisDroneSplit1000Guarded/VisDrone2019-DET-train/annotations/9999999_00809_d_0000370.txt	train
train	9999999_00847_d_0000387	/home/wangzhe/DroneP_VG/dataset/VisDroneSplit1000Guarded/VisDrone2019-DET-train/images/9999999_00847_d_0000387.jpg	/home/wangzhe/DroneP_VG/dataset/VisDroneSplit1000Guarded/VisDrone2019-DET-train/annotations/9999999_00847_d_0000387.txt	train
val	0000006_06773_d_0000018	/home/wangzhe/DroneP_VG/dataset/VisDroneSplit1000Guarded/VisDrone2019-DET-val/images/0000006_06773_d_0000018.jpg	/home/wangzhe/DroneP_VG/dataset/VisDroneSplit1000Guarded/VisDrone2019-DET-val/annotations/0000006_06773_d_0000018.txt	visdrone_test_100
val	0000010_05291_d_0000058	/home/wangzhe/DroneP_VG/dataset/VisDroneSplit1000Guarded/VisDrone2019-DET-val/images/0000010_05291_d_0000058.jpg	/home/wangzhe/DroneP_VG/dataset/VisDroneSplit1000Guarded/VisDrone2019-DET-val/annotations/0000010_05291_d_0000058.txt	train
val	0000016_01352_d_0000069	/home/wangzhe/DroneP_VG/dataset/VisDroneSplit1000Guarded/VisDrone2019-DET-val/images/0000016_01352_d_0000069.jpg	/home/wangzhe/DroneP_VG/dataset/VisDroneSplit1000Guarded/VisDrone2019-DET-val/annotations/0000016_01352_d_0000069.txt	train
val	0000054_00786_d_0000001	/home/wangzhe/DroneP_VG/dataset/VisDroneSplit1000Guarded/VisDrone2019-DET-val/images/0000054_00786_d_0000001.jpg	/home/wangzhe/DroneP_VG/dataset/VisDroneSplit1000Guarded/VisDrone2019-DET-val/annotations/0000054_00786_d_0000001.txt	test
val	0000070_05312_d_0000003	/home/wangzhe/DroneP_VG/dataset/VisDroneSplit1000Guarded/VisDrone2019-DET-val/images/0000070_05312_d_0000003.jpg	/home/wangzhe/DroneP_VG/dataset/VisDroneSplit1000Guarded/VisDrone2019-DET-val/annotations/0000070_05312_d_0000003.txt	train
val	0000072_08702_d_0000013	/home/wangzhe/DroneP_VG/dataset/VisDroneSplit1000Guarded/VisDrone2019-DET-val/images/0000072_08702_d_0000013.jpg	/home/wangzhe/DroneP_VG/dataset/VisDroneSplit1000Guarded/VisDrone2019-DET-val/annotations/0000072_08702_d_0000013.txt	train
val	0000085_00001_d_0000008	/home/wangzhe/DroneP_VG/dataset/VisDroneSplit1000Guarded/VisDrone2019-DET-val/images/0000085_00001_d_0000008.jpg	/home/wangzhe/DroneP_VG/dataset/VisDroneSplit1000Guarded/VisDrone2019-DET-val/annotations/0000085_00001_d_0000008.txt	train
val	0000115_00315_d_0000080	/home/wangzhe/DroneP_VG/dataset/VisDroneSplit1000Guarded/VisDrone2019-DET-val/images/0000115_00315_d_0000080.jpg	/home/wangzhe/DroneP_VG/dataset/VisDroneSplit1000Guarded/VisDrone2019-DET-val/annotations/0000115_00315_d_0000080.txt	val
val	0000133_01764_d_0000144	/home/wangzhe/DroneP_VG/dataset/VisDroneSplit1000Guarded/VisDrone2019-DET-val/images/0000133_01764_d_0000144.jpg	/home/wangzhe/DroneP_VG/dataset/VisDroneSplit1000Guarded/VisDrone2019-DET-val/annotations/0000133_01764_d_0000144.txt	train
val	0000167_01784_d_0000133	/home/wangzhe/DroneP_VG/dataset/VisDroneSplit1000Guarded/VisDrone2019-DET-val/images/0000167_01784_d_0000133.jpg	/home/wangzhe/DroneP_VG/dataset/VisDroneSplit1000Guarded/VisDrone2019-DET-val/annotations/0000167_01784_d_0000133.txt	train
val	0000169_00654_d_0000001	/home/wangzhe/DroneP_VG/dataset/VisDroneSplit1000Guarded/VisDrone2019-DET-val/images/0000169_00654_d_0000001.jpg	/home/wangzhe/DroneP_VG/dataset/VisDroneSplit1000Guarded/VisDrone2019-DET-val/annotations/0000169_00654_d_0000001.txt	train
val	0000180_00213_d_0000020	/home/wangzhe/DroneP_VG/dataset/VisDroneSplit1000Guarded/VisDrone2019-DET-val/images/0000180_00213_d_0000020.jpg	/home/wangzhe/DroneP_VG/dataset/VisDroneSplit1000Guarded/VisDrone2019-DET-val/annotations/0000180_00213_d_0000020.txt	train
val	0000205_00405_d_0000197	/home/wangzhe/DroneP_VG/dataset/VisDroneSplit1000Guarded/VisDrone2019-DET-val/images/0000205_00405_d_0000197.jpg	/home/wangzhe/DroneP_VG/dataset/VisDroneSplit1000Guarded/VisDrone2019-DET-val/annotations/0000205_00405_d_0000197.txt	train
val	0000222_03100_d_0000010	/home/wangzhe/DroneP_VG/dataset/VisDroneSplit1000Guarded/VisDrone2019-DET-val/images/0000222_03100_d_0000010.jpg	/home/wangzhe/DroneP_VG/dataset/VisDroneSplit1000Guarded/VisDrone2019-DET-val/annotations/0000222_03100_d_0000010.txt	train
val	0000222_04015_d_0000013	/home/wangzhe/DroneP_VG/dataset/VisDroneSplit1000Guarded/VisDrone2019-DET-val/images/0000222_04015_d_0000013.jpg	/home/wangzhe/DroneP_VG/dataset/VisDroneSplit1000Guarded/VisDrone2019-DET-val/annotations/0000222_04015_d_0000013.txt	train
val	0000226_01146_d_0000004	/home/wangzhe/DroneP_VG/dataset/VisDroneSplit1000Guarded/VisDrone2019-DET-val/images/0000226_01146_d_0000004.jpg	/home/wangzhe/DroneP_VG/dataset/VisDroneSplit1000Guarded/VisDrone2019-DET-val/annotations/0000226_01146_d_0000004.txt	train
val	0000235_00467_d_0000002	/home/wangzhe/DroneP_VG/dataset/VisDroneSplit1000Guarded/VisDrone2019-DET-val/images/0000235_00467_d_0000002.jpg	/home/wangzhe/DroneP_VG/dataset/VisDroneSplit1000Guarded/VisDrone2019-DET-val/annotations/0000235_00467_d_0000002.txt	train
val	0000240_01205_d_0000004	/home/wangzhe/DroneP_VG/dataset/VisDroneSplit1000Guarded/VisDrone2019-DET-val/images/0000240_01205_d_0000004.jpg	/home/wangzhe/DroneP_VG/dataset/VisDroneSplit1000Guarded/VisDrone2019-DET-val/annotations/0000240_01205_d_0000004.txt	train
val	0000249_03900_d_0000011	/home/wangzhe/DroneP_VG/dataset/VisDroneSplit1000Guarded/VisDrone2019-DET-val/images/0000249_03900_d_0000011.jpg	/home/wangzhe/DroneP_VG/dataset/VisDroneSplit1000Guarded/VisDrone2019-DET-val/annotations/0000249_03900_d_0000011.txt	val
val	0000257_00001_d_0000042	/home/wangzhe/DroneP_VG/dataset/VisDroneSplit1000Guarded/VisDrone2019-DET-val/images/0000257_00001_d_0000042.jpg	/home/wangzhe/DroneP_VG/dataset/VisDroneSplit1000Guarded/VisDrone2019-DET-val/annotations/0000257_00001_d_0000042.txt	train
val	0000272_04500_d_0000010	/home/wangzhe/DroneP_VG/dataset/VisDroneSplit1000Guarded/VisDrone2019-DET-val/images/0000272_04500_d_0000010.jpg	/home/wangzhe/DroneP_VG/dataset/VisDroneSplit1000Guarded/VisDrone2019-DET-val/annotations/0000272_04500_d_0000010.txt	test
val	0000276_06001_d_0000537	/home/wangzhe/DroneP_VG/dataset/VisDroneSplit1000Guarded/VisDrone2019-DET-val/images/0000276_06001_d_0000537.jpg	/home/wangzhe/DroneP_VG/dataset/VisDroneSplit1000Guarded/VisDrone2019-DET-val/annotations/0000276_06001_d_0000537.txt	val
val	0000279_00601_d_0000587	/home/wangzhe/DroneP_VG/dataset/VisDroneSplit1000Guarded/VisDrone2019-DET-val/images/0000279_00601_d_0000587.jpg	/home/wangzhe/DroneP_VG/dataset/VisDroneSplit1000Guarded/VisDrone2019-DET-val/annotations/0000279_00601_d_0000587.txt	train
val	0000279_02201_d_0000595	/home/wangzhe/DroneP_VG/dataset/VisDroneSplit1000Guarded/VisDrone2019-DET-val/images/0000279_02201_d_0000595.jpg	/home/wangzhe/DroneP_VG/dataset/VisDroneSplit1000Guarded/VisDrone2019-DET-val/annotations/0000279_02201_d_0000595.txt	train
val	0000281_03201_d_0000642	/home/wangzhe/DroneP_VG/dataset/VisDroneSplit1000Guarded/VisDrone2019-DET-val/images/0000281_03201_d_0000642.jpg	/home/wangzhe/DroneP_VG/dataset/VisDroneSplit1000Guarded/VisDrone2019-DET-val/annotations/0000281_03201_d_0000642.txt	train
val	0000288_05601_d_0000810	/home/wangzhe/DroneP_VG/dataset/VisDroneSplit1000Guarded/VisDrone2019-DET-val/images/0000288_05601_d_0000810.jpg	/home/wangzhe/DroneP_VG/dataset/VisDroneSplit1000Guarded/VisDrone2019-DET-val/annotations/0000288_05601_d_0000810.txt	train
val	0000289_00601_d_0000814	/home/wangzhe/DroneP_VG/dataset/VisDroneSplit1000Guarded/VisDrone2019-DET-val/images/0000289_00601_d_0000814.jpg	/home/wangzhe/DroneP_VG/dataset/VisDroneSplit1000Guarded/VisDrone2019-DET-val/annotations/0000289_00601_d_0000814.txt	val
val	0000291_00201_d_0000869	/home/wangzhe/DroneP_VG/dataset/VisDroneSplit1000Guarded/VisDrone2019-DET-val/images/0000291_00201_d_0000869.jpg	/home/wangzhe/DroneP_VG/dataset/VisDroneSplit1000Guarded/VisDrone2019-DET-val/annotations/0000291_00201_d_0000869.txt	val
val	0000312_02401_d_0000426	/home/wangzhe/DroneP_VG/dataset/VisDroneSplit1000Guarded/VisDrone2019-DET-val/images/0000312_02401_d_0000426.jpg	/home/wangzhe/DroneP_VG/dataset/VisDroneSplit1000Guarded/VisDrone2019-DET-val/annotations/0000312_02401_d_0000426.txt	val
val	0000320_01200_d_0000010	/home/wangzhe/DroneP_VG/dataset/VisDroneSplit1000Guarded/VisDrone2019-DET-val/images/0000320_01200_d_0000010.jpg	/home/wangzhe/DroneP_VG/dataset/VisDroneSplit1000Guarded/VisDrone2019-DET-val/annotations/0000320_01200_d_0000010.txt	test
val	0000334_03725_d_0000040	/home/wangzhe/DroneP_VG/dataset/VisDroneSplit1000Guarded/VisDrone2019-DET-val/images/0000334_03725_d_0000040.jpg	/home/wangzhe/DroneP_VG/dataset/VisDroneSplit1000Guarded/VisDrone2019-DET-val/annotations/0000334_03725_d_0000040.txt	train
val	0000351_00001_d_0000519	/home/wangzhe/DroneP_VG/dataset/VisDroneSplit1000Guarded/VisDrone2019-DET-val/images/0000351_00001_d_0000519.jpg	/home/wangzhe/DroneP_VG/dataset/VisDroneSplit1000Guarded/VisDrone2019-DET-val/annotations/0000351_00001_d_0000519.txt	train
val	0000351_02549_d_0000532	/home/wangzhe/DroneP_VG/dataset/VisDroneSplit1000Guarded/VisDrone2019-DET-val/images/0000351_02549_d_0000532.jpg	/home/wangzhe/DroneP_VG/dataset/VisDroneSplit1000Guarded/VisDrone2019-DET-val/annotations/0000351_02549_d_0000532.txt	train
val	0000356_04313_d_0000651	/home/wangzhe/DroneP_VG/dataset/VisDroneSplit1000Guarded/VisDrone2019-DET-val/images/0000356_04313_d_0000651.jpg	/home/wangzhe/DroneP_VG/dataset/VisDroneSplit1000Guarded/VisDrone2019-DET-val/annotations/0000356_04313_d_0000651.txt	val
val	0000360_05293_d_0000740	/home/wangzhe/DroneP_VG/dataset/VisDroneSplit1000Guarded/VisDrone2019-DET-val/images/0000360_05293_d_0000740.jpg	/home/wangzhe/DroneP_VG/dataset/VisDroneSplit1000Guarded/VisDrone2019-DET-val/annotations/0000360_05293_d_0000740.txt	val
val	9999937_00000_d_0000033	/home/wangzhe/DroneP_VG/dataset/VisDroneSplit1000Guarded/VisDrone2019-DET-val/images/9999937_00000_d_0000033.jpg	/home/wangzhe/DroneP_VG/dataset/VisDroneSplit1000Guarded/VisDrone2019-DET-val/annotations/9999937_00000_d_0000033.txt	train
val	9999937_00000_d_0000112	/home/wangzhe/DroneP_VG/dataset/VisDroneSplit1000Guarded/VisDrone2019-DET-val/images/9999937_00000_d_0000112.jpg	/home/wangzhe/DroneP_VG/dataset/VisDroneSplit1000Guarded/VisDrone2019-DET-val/annotations/9999937_00000_d_0000112.txt	train
val	9999937_00000_d_0000121	/home/wangzhe/DroneP_VG/dataset/VisDroneSplit1000Guarded/VisDrone2019-DET-val/images/9999937_00000_d_0000121.jpg	/home/wangzhe/DroneP_VG/dataset/VisDroneSplit1000Guarded/VisDrone2019-DET-val/annotations/9999937_00000_d_0000121.txt	train
val	9999937_00000_d_0000139	/home/wangzhe/DroneP_VG/dataset/VisDroneSplit1000Guarded/VisDrone2019-DET-val/images/9999937_00000_d_0000139.jpg	/home/wangzhe/DroneP_VG/dataset/VisDroneSplit1000Guarded/VisDrone2019-DET-val/annotations/9999937_00000_d_0000139.txt	train
val	9999937_00000_d_0000217	/home/wangzhe/DroneP_VG/dataset/VisDroneSplit1000Guarded/VisDrone2019-DET-val/images/9999937_00000_d_0000217.jpg	/home/wangzhe/DroneP_VG/dataset/VisDroneSplit1000Guarded/VisDrone2019-DET-val/annotations/9999937_00000_d_0000217.txt	train
val	9999938_00000_d_0000143	/home/wangzhe/DroneP_VG/dataset/VisDroneSplit1000Guarded/VisDrone2019-DET-val/images/9999938_00000_d_0000143.jpg	/home/wangzhe/DroneP_VG/dataset/VisDroneSplit1000Guarded/VisDrone2019-DET-val/annotations/9999938_00000_d_0000143.txt	visdrone_test_100
val	9999938_00000_d_0000144	/home/wangzhe/DroneP_VG/dataset/VisDroneSplit1000Guarded/VisDrone2019-DET-val/images/9999938_00000_d_0000144.jpg	/home/wangzhe/DroneP_VG/dataset/VisDroneSplit1000Guarded/VisDrone2019-DET-val/annotations/9999938_00000_d_0000144.txt	test
val	9999938_00000_d_0000179	/home/wangzhe/DroneP_VG/dataset/VisDroneSplit1000Guarded/VisDrone2019-DET-val/images/9999938_00000_d_0000179.jpg	/home/wangzhe/DroneP_VG/dataset/VisDroneSplit1000Guarded/VisDrone2019-DET-val/annotations/9999938_00000_d_0000179.txt	visdrone_test_100
val	9999938_00000_d_0000197	/home/wangzhe/DroneP_VG/dataset/VisDroneSplit1000Guarded/VisDrone2019-DET-val/images/9999938_00000_d_0000197.jpg	/home/wangzhe/DroneP_VG/dataset/VisDroneSplit1000Guarded/VisDrone2019-DET-val/annotations/9999938_00000_d_0000197.txt	visdrone_test_100
val	9999938_00000_d_0000209	/home/wangzhe/DroneP_VG/dataset/VisDroneSplit1000Guarded/VisDrone2019-DET-val/images/9999938_00000_d_0000209.jpg	/home/wangzhe/DroneP_VG/dataset/VisDroneSplit1000Guarded/VisDrone2019-DET-val/annotations/9999938_00000_d_0000209.txt	test
val	9999938_00000_d_0000321	/home/wangzhe/DroneP_VG/dataset/VisDroneSplit1000Guarded/VisDrone2019-DET-val/images/9999938_00000_d_0000321.jpg	/home/wangzhe/DroneP_VG/dataset/VisDroneSplit1000Guarded/VisDrone2019-DET-val/annotations/9999938_00000_d_0000321.txt	test
val	9999938_00000_d_0000324	/home/wangzhe/DroneP_VG/dataset/VisDroneSplit1000Guarded/VisDrone2019-DET-val/images/9999938_00000_d_0000324.jpg	/home/wangzhe/DroneP_VG/dataset/VisDroneSplit1000Guarded/VisDrone2019-DET-val/annotations/9999938_00000_d_0000324.txt	test
val	9999938_00000_d_0000352	/home/wangzhe/DroneP_VG/dataset/VisDroneSplit1000Guarded/VisDrone2019-DET-val/images/9999938_00000_d_0000352.jpg	/home/wangzhe/DroneP_VG/dataset/VisDroneSplit1000Guarded/VisDrone2019-DET-val/annotations/9999938_00000_d_0000352.txt	test
val	9999938_00000_d_0000370	/home/wangzhe/DroneP_VG/dataset/VisDroneSplit1000Guarded/VisDrone2019-DET-val/images/9999938_00000_d_0000370.jpg	/home/wangzhe/DroneP_VG/dataset/VisDroneSplit1000Guarded/VisDrone2019-DET-val/annotations/9999938_00000_d_0000370.txt	test
val	9999938_00000_d_0000404	/home/wangzhe/DroneP_VG/dataset/VisDroneSplit1000Guarded/VisDrone2019-DET-val/images/9999938_00000_d_0000404.jpg	/home/wangzhe/DroneP_VG/dataset/VisDroneSplit1000Guarded/VisDrone2019-DET-val/annotations/9999938_00000_d_0000404.txt	test
val	9999938_00000_d_0000475	/home/wangzhe/DroneP_VG/dataset/VisDroneSplit1000Guarded/VisDrone2019-DET-val/images/9999938_00000_d_0000475.jpg	/home/wangzhe/DroneP_VG/dataset/VisDroneSplit1000Guarded/VisDrone2019-DET-val/annotations/9999938_00000_d_0000475.txt	test
val	9999940_00000_d_0000043	/home/wangzhe/DroneP_VG/dataset/VisDroneSplit1000Guarded/VisDrone2019-DET-val/images/9999940_00000_d_0000043.jpg	/home/wangzhe/DroneP_VG/dataset/VisDroneSplit1000Guarded/VisDrone2019-DET-val/annotations/9999940_00000_d_0000043.txt	train
val	9999940_00000_d_0000052	/home/wangzhe/DroneP_VG/dataset/VisDroneSplit1000Guarded/VisDrone2019-DET-val/images/9999940_00000_d_0000052.jpg	/home/wangzhe/DroneP_VG/dataset/VisDroneSplit1000Guarded/VisDrone2019-DET-val/annotations/9999940_00000_d_0000052.txt	train
val	9999940_00000_d_0000058	/home/wangzhe/DroneP_VG/dataset/VisDroneSplit1000Guarded/VisDrone2019-DET-val/images/9999940_00000_d_0000058.jpg	/home/wangzhe/DroneP_VG/dataset/VisDroneSplit1000Guarded/VisDrone2019-DET-val/annotations/9999940_00000_d_0000058.txt	train
val	9999941_00000_d_0000010	/home/wangzhe/DroneP_VG/dataset/VisDroneSplit1000Guarded/VisDrone2019-DET-val/images/9999941_00000_d_0000010.jpg	/home/wangzhe/DroneP_VG/dataset/VisDroneSplit1000Guarded/VisDrone2019-DET-val/annotations/9999941_00000_d_0000010.txt	test
val	9999941_00000_d_0000012	/home/wangzhe/DroneP_VG/dataset/VisDroneSplit1000Guarded/VisDrone2019-DET-val/images/9999941_00000_d_0000012.jpg	/home/wangzhe/DroneP_VG/dataset/VisDroneSplit1000Guarded/VisDrone2019-DET-val/annotations/9999941_00000_d_0000012.txt	visdrone_test_100
val	9999942_00000_d_0000096	/home/wangzhe/DroneP_VG/dataset/VisDroneSplit1000Guarded/VisDrone2019-DET-val/images/9999942_00000_d_0000096.jpg	/home/wangzhe/DroneP_VG/dataset/VisDroneSplit1000Guarded/VisDrone2019-DET-val/annotations/9999942_00000_d_0000096.txt	train
val	9999942_00000_d_0000127	/home/wangzhe/DroneP_VG/dataset/VisDroneSplit1000Guarded/VisDrone2019-DET-val/images/9999942_00000_d_0000127.jpg	/home/wangzhe/DroneP_VG/dataset/VisDroneSplit1000Guarded/VisDrone2019-DET-val/annotations/9999942_00000_d_0000127.txt	train
val	9999942_00000_d_0000143	/home/wangzhe/DroneP_VG/dataset/VisDroneSplit1000Guarded/VisDrone2019-DET-val/images/9999942_00000_d_0000143.jpg	/home/wangzhe/DroneP_VG/dataset/VisDroneSplit1000Guarded/VisDrone2019-DET-val/annotations/9999942_00000_d_0000143.txt	train
val	9999943_00000_d_0000061	/home/wangzhe/DroneP_VG/dataset/VisDroneSplit1000Guarded/VisDrone2019-DET-val/images/9999943_00000_d_0000061.jpg	/home/wangzhe/DroneP_VG/dataset/VisDroneSplit1000Guarded/VisDrone2019-DET-val/annotations/9999943_00000_d_0000061.txt	train
val	9999945_00000_d_0000128	/home/wangzhe/DroneP_VG/dataset/VisDroneSplit1000Guarded/VisDrone2019-DET-val/images/9999945_00000_d_0000128.jpg	/home/wangzhe/DroneP_VG/dataset/VisDroneSplit1000Guarded/VisDrone2019-DET-val/annotations/9999945_00000_d_0000128.txt	train
val	9999945_00000_d_0000129	/home/wangzhe/DroneP_VG/dataset/VisDroneSplit1000Guarded/VisDrone2019-DET-val/images/9999945_00000_d_0000129.jpg	/home/wangzhe/DroneP_VG/dataset/VisDroneSplit1000Guarded/VisDrone2019-DET-val/annotations/9999945_00000_d_0000129.txt	train
val	9999945_00000_d_0000158	/home/wangzhe/DroneP_VG/dataset/VisDroneSplit1000Guarded/VisDrone2019-DET-val/images/9999945_00000_d_0000158.jpg	/home/wangzhe/DroneP_VG/dataset/VisDroneSplit1000Guarded/VisDrone2019-DET-val/annotations/9999945_00000_d_0000158.txt	train
val	9999951_00000_d_0000132	/home/wangzhe/DroneP_VG/dataset/VisDroneSplit1000Guarded/VisDrone2019-DET-val/images/9999951_00000_d_0000132.jpg	/home/wangzhe/DroneP_VG/dataset/VisDroneSplit1000Guarded/VisDrone2019-DET-val/annotations/9999951_00000_d_0000132.txt	train
val	9999951_00000_d_0000136	/home/wangzhe/DroneP_VG/dataset/VisDroneSplit1000Guarded/VisDrone2019-DET-val/images/9999951_00000_d_0000136.jpg	/home/wangzhe/DroneP_VG/dataset/VisDroneSplit1000Guarded/VisDrone2019-DET-val/annotations/9999951_00000_d_0000136.txt	train
val	9999951_00000_d_0000153	/home/wangzhe/DroneP_VG/dataset/VisDroneSplit1000Guarded/VisDrone2019-DET-val/images/9999951_00000_d_0000153.jpg	/home/wangzhe/DroneP_VG/dataset/VisDroneSplit1000Guarded/VisDrone2019-DET-val/annotations/9999951_00000_d_0000153.txt	train
val	9999951_00000_d_0000164	/home/wangzhe/DroneP_VG/dataset/VisDroneSplit1000Guarded/VisDrone2019-DET-val/images/9999951_00000_d_0000164.jpg	/home/wangzhe/DroneP_VG/dataset/VisDroneSplit1000Guarded/VisDrone2019-DET-val/annotations/9999951_00000_d_0000164.txt	train
val	9999951_00000_d_0000219	/home/wangzhe/DroneP_VG/dataset/VisDroneSplit1000Guarded/VisDrone2019-DET-val/images/9999951_00000_d_0000219.jpg	/home/wangzhe/DroneP_VG/dataset/VisDroneSplit1000Guarded/VisDrone2019-DET-val/annotations/9999951_00000_d_0000219.txt	train
val	9999951_00000_d_0000268	/home/wangzhe/DroneP_VG/dataset/VisDroneSplit1000Guarded/VisDrone2019-DET-val/images/9999951_00000_d_0000268.jpg	/home/wangzhe/DroneP_VG/dataset/VisDroneSplit1000Guarded/VisDrone2019-DET-val/annotations/9999951_00000_d_0000268.txt	train
val	9999952_00000_d_0000064	/home/wangzhe/DroneP_VG/dataset/VisDroneSplit1000Guarded/VisDrone2019-DET-val/images/9999952_00000_d_0000064.jpg	/home/wangzhe/DroneP_VG/dataset/VisDroneSplit1000Guarded/VisDrone2019-DET-val/annotations/9999952_00000_d_0000064.txt	test
val	9999952_00000_d_0000087	/home/wangzhe/DroneP_VG/dataset/VisDroneSplit1000Guarded/VisDrone2019-DET-val/images/9999952_00000_d_0000087.jpg	/home/wangzhe/DroneP_VG/dataset/VisDroneSplit1000Guarded/VisDrone2019-DET-val/annotations/9999952_00000_d_0000087.txt	visdrone_test_100
val	9999952_00000_d_0000151	/home/wangzhe/DroneP_VG/dataset/VisDroneSplit1000Guarded/VisDrone2019-DET-val/images/9999952_00000_d_0000151.jpg	/home/wangzhe/DroneP_VG/dataset/VisDroneSplit1000Guarded/VisDrone2019-DET-val/annotations/9999952_00000_d_0000151.txt	test
val	9999952_00000_d_0000186	/home/wangzhe/DroneP_VG/dataset/VisDroneSplit1000Guarded/VisDrone2019-DET-val/images/9999952_00000_d_0000186.jpg	/home/wangzhe/DroneP_VG/dataset/VisDroneSplit1000Guarded/VisDrone2019-DET-val/annotations/9999952_00000_d_0000186.txt	test
val	9999952_00000_d_0000259	/home/wangzhe/DroneP_VG/dataset/VisDroneSplit1000Guarded/VisDrone2019-DET-val/images/9999952_00000_d_0000259.jpg	/home/wangzhe/DroneP_VG/dataset/VisDroneSplit1000Guarded/VisDrone2019-DET-val/annotations/9999952_00000_d_0000259.txt	test
val	9999952_00000_d_0000284	/home/wangzhe/DroneP_VG/dataset/VisDroneSplit1000Guarded/VisDrone2019-DET-val/images/9999952_00000_d_0000284.jpg	/home/wangzhe/DroneP_VG/dataset/VisDroneSplit1000Guarded/VisDrone2019-DET-val/annotations/9999952_00000_d_0000284.txt	visdrone_test_100
val	9999952_00000_d_0000312	/home/wangzhe/DroneP_VG/dataset/VisDroneSplit1000Guarded/VisDrone2019-DET-val/images/9999952_00000_d_0000312.jpg	/home/wangzhe/DroneP_VG/dataset/VisDroneSplit1000Guarded/VisDrone2019-DET-val/annotations/9999952_00000_d_0000312.txt	test
val	9999952_00000_d_0000315	/home/wangzhe/DroneP_VG/dataset/VisDroneSplit1000Guarded/VisDrone2019-DET-val/images/9999952_00000_d_0000315.jpg	/home/wangzhe/DroneP_VG/dataset/VisDroneSplit1000Guarded/VisDrone2019-DET-val/annotations/9999952_00000_d_0000315.txt	test
val	9999953_00000_d_0000030	/home/wangzhe/DroneP_VG/dataset/VisDroneSplit1000Guarded/VisDrone2019-DET-val/images/9999953_00000_d_0000030.jpg	/home/wangzhe/DroneP_VG/dataset/VisDroneSplit1000Guarded/VisDrone2019-DET-val/annotations/9999953_00000_d_0000030.txt	train
val	9999953_00000_d_0000037	/home/wangzhe/DroneP_VG/dataset/VisDroneSplit1000Guarded/VisDrone2019-DET-val/images/9999953_00000_d_0000037.jpg	/home/wangzhe/DroneP_VG/dataset/VisDroneSplit1000Guarded/VisDrone2019-DET-val/annotations/9999953_00000_d_0000037.txt	train
val	9999953_00000_d_0000154	/home/wangzhe/DroneP_VG/dataset/VisDroneSplit1000Guarded/VisDrone2019-DET-val/images/9999953_00000_d_0000154.jpg	/home/wangzhe/DroneP_VG/dataset/VisDroneSplit1000Guarded/VisDrone2019-DET-val/annotations/9999953_00000_d_0000154.txt	train
val	9999953_00000_d_0000166	/home/wangzhe/DroneP_VG/dataset/VisDroneSplit1000Guarded/VisDrone2019-DET-val/images/9999953_00000_d_0000166.jpg	/home/wangzhe/DroneP_VG/dataset/VisDroneSplit1000Guarded/VisDrone2019-DET-val/annotations/9999953_00000_d_0000166.txt	train
val	9999953_00000_d_0000192	/home/wangzhe/DroneP_VG/dataset/VisDroneSplit1000Guarded/VisDrone2019-DET-val/images/9999953_00000_d_0000192.jpg	/home/wangzhe/DroneP_VG/dataset/VisDroneSplit1000Guarded/VisDrone2019-DET-val/annotations/9999953_00000_d_0000192.txt	train
val	9999953_00000_d_0000221	/home/wangzhe/DroneP_VG/dataset/VisDroneSplit1000Guarded/VisDrone2019-DET-val/images/9999953_00000_d_0000221.jpg	/home/wangzhe/DroneP_VG/dataset/VisDroneSplit1000Guarded/VisDrone2019-DET-val/annotations/9999953_00000_d_0000221.txt	train
val	9999955_00000_d_0000019	/home/wangzhe/DroneP_VG/dataset/VisDroneSplit1000Guarded/VisDrone2019-DET-val/images/9999955_00000_d_0000019.jpg	/home/wangzhe/DroneP_VG/dataset/VisDroneSplit1000Guarded/VisDrone2019-DET-val/annotations/9999955_00000_d_0000019.txt	train
val	9999955_00000_d_0000030	/home/wangzhe/DroneP_VG/dataset/VisDroneSplit1000Guarded/VisDrone2019-DET-val/images/9999955_00000_d_0000030.jpg	/home/wangzhe/DroneP_VG/dataset/VisDroneSplit1000Guarded/VisDrone2019-DET-val/annotations/9999955_00000_d_0000030.txt	train
val	9999955_00000_d_0000083	/home/wangzhe/DroneP_VG/dataset/VisDroneSplit1000Guarded/VisDrone2019-DET-val/images/9999955_00000_d_0000083.jpg	/home/wangzhe/DroneP_VG/dataset/VisDroneSplit1000Guarded/VisDrone2019-DET-val/annotations/9999955_00000_d_0000083.txt	train
val	9999955_00000_d_0000131	/home/wangzhe/DroneP_VG/dataset/VisDroneSplit1000Guarded/VisDrone2019-DET-val/images/9999955_00000_d_0000131.jpg	/home/wangzhe/DroneP_VG/dataset/VisDroneSplit1000Guarded/VisDrone2019-DET-val/annotations/9999955_00000_d_0000131.txt	train
val	9999955_00000_d_0000194	/home/wangzhe/DroneP_VG/dataset/VisDroneSplit1000Guarded/VisDrone2019-DET-val/images/9999955_00000_d_0000194.jpg	/home/wangzhe/DroneP_VG/dataset/VisDroneSplit1000Guarded/VisDrone2019-DET-val/annotations/9999955_00000_d_0000194.txt	train
val	9999963_00000_d_0000010	/home/wangzhe/DroneP_VG/dataset/VisDroneSplit1000Guarded/VisDrone2019-DET-val/images/9999963_00000_d_0000010.jpg	/home/wangzhe/DroneP_VG/dataset/VisDroneSplit1000Guarded/VisDrone2019-DET-val/annotations/9999963_00000_d_0000010.txt	test
val	9999963_00000_d_0000036	/home/wangzhe/DroneP_VG/dataset/VisDroneSplit1000Guarded/VisDrone2019-DET-val/images/9999963_00000_d_0000036.jpg	/home/wangzhe/DroneP_VG/dataset/VisDroneSplit1000Guarded/VisDrone2019-DET-val/annotations/9999963_00000_d_0000036.txt	test
val	9999963_00000_d_0000055	/home/wangzhe/DroneP_VG/dataset/VisDroneSplit1000Guarded/VisDrone2019-DET-val/images/9999963_00000_d_0000055.jpg	/home/wangzhe/DroneP_VG/dataset/VisDroneSplit1000Guarded/VisDrone2019-DET-val/annotations/9999963_00000_d_0000055.txt	visdrone_test_100
val	9999964_00000_d_0000045	/home/wangzhe/DroneP_VG/dataset/VisDroneSplit1000Guarded/VisDrone2019-DET-val/images/9999964_00000_d_0000045.jpg	/home/wangzhe/DroneP_VG/dataset/VisDroneSplit1000Guarded/VisDrone2019-DET-val/annotations/9999964_00000_d_0000045.txt	train
val	9999964_00000_d_0000075	/home/wangzhe/DroneP_VG/dataset/VisDroneSplit1000Guarded/VisDrone2019-DET-val/images/9999964_00000_d_0000075.jpg	/home/wangzhe/DroneP_VG/dataset/VisDroneSplit1000Guarded/VisDrone2019-DET-val/annotations/9999964_00000_d_0000075.txt	train
val	9999966_00000_d_0000009	/home/wangzhe/DroneP_VG/dataset/VisDroneSplit1000Guarded/VisDrone2019-DET-val/images/9999966_00000_d_0000009.jpg	/home/wangzhe/DroneP_VG/dataset/VisDroneSplit1000Guarded/VisDrone2019-DET-val/annotations/9999966_00000_d_0000009.txt	train
val	9999966_00000_d_0000069	/home/wangzhe/DroneP_VG/dataset/VisDroneSplit1000Guarded/VisDrone2019-DET-val/images/9999966_00000_d_0000069.jpg	/home/wangzhe/DroneP_VG/dataset/VisDroneSplit1000Guarded/VisDrone2019-DET-val/annotations/9999966_00000_d_0000069.txt	train
val	9999966_00000_d_0000138	/home/wangzhe/DroneP_VG/dataset/VisDroneSplit1000Guarded/VisDrone2019-DET-val/images/9999966_00000_d_0000138.jpg	/home/wangzhe/DroneP_VG/dataset/VisDroneSplit1000Guarded/VisDrone2019-DET-val/annotations/9999966_00000_d_0000138.txt	train
val	9999967_00000_d_0000018	/home/wangzhe/DroneP_VG/dataset/VisDroneSplit1000Guarded/VisDrone2019-DET-val/images/9999967_00000_d_0000018.jpg	/home/wangzhe/DroneP_VG/dataset/VisDroneSplit1000Guarded/VisDrone2019-DET-val/annotations/9999967_00000_d_0000018.txt	train
val	9999967_00000_d_0000042	/home/wangzhe/DroneP_VG/dataset/VisDroneSplit1000Guarded/VisDrone2019-DET-val/images/9999967_00000_d_0000042.jpg	/home/wangzhe/DroneP_VG/dataset/VisDroneSplit1000Guarded/VisDrone2019-DET-val/annotations/9999967_00000_d_0000042.txt	train
val	9999969_00000_d_0000061	/home/wangzhe/DroneP_VG/dataset/VisDroneSplit1000Guarded/VisDrone2019-DET-val/images/9999969_00000_d_0000061.jpg	/home/wangzhe/DroneP_VG/dataset/VisDroneSplit1000Guarded/VisDrone2019-DET-val/annotations/9999969_00000_d_0000061.txt	train
val	9999970_00000_d_0000016	/home/wangzhe/DroneP_VG/dataset/VisDroneSplit1000Guarded/VisDrone2019-DET-val/images/9999970_00000_d_0000016.jpg	/home/wangzhe/DroneP_VG/dataset/VisDroneSplit1000Guarded/VisDrone2019-DET-val/annotations/9999970_00000_d_0000016.txt	train
val	9999972_00000_d_0000030	/home/wangzhe/DroneP_VG/dataset/VisDroneSplit1000Guarded/VisDrone2019-DET-val/images/9999972_00000_d_0000030.jpg	/home/wangzhe/DroneP_VG/dataset/VisDroneSplit1000Guarded/VisDrone2019-DET-val/annotations/9999972_00000_d_0000030.txt	train
val	9999973_00000_d_0000024	/home/wangzhe/DroneP_VG/dataset/VisDroneSplit1000Guarded/VisDrone2019-DET-val/images/9999973_00000_d_0000024.jpg	/home/wangzhe/DroneP_VG/dataset/VisDroneSplit1000Guarded/VisDrone2019-DET-val/annotations/9999973_00000_d_0000024.txt	test
val	9999973_00000_d_0000047	/home/wangzhe/DroneP_VG/dataset/VisDroneSplit1000Guarded/VisDrone2019-DET-val/images/9999973_00000_d_0000047.jpg	/home/wangzhe/DroneP_VG/dataset/VisDroneSplit1000Guarded/VisDrone2019-DET-val/annotations/9999973_00000_d_0000047.txt	visdrone_test_100
val	9999973_00000_d_0000077	/home/wangzhe/DroneP_VG/dataset/VisDroneSplit1000Guarded/VisDrone2019-DET-val/images/9999973_00000_d_0000077.jpg	/home/wangzhe/DroneP_VG/dataset/VisDroneSplit1000Guarded/VisDrone2019-DET-val/annotations/9999973_00000_d_0000077.txt	test
val	9999973_00000_d_0000127	/home/wangzhe/DroneP_VG/dataset/VisDroneSplit1000Guarded/VisDrone2019-DET-val/images/9999973_00000_d_0000127.jpg	/home/wangzhe/DroneP_VG/dataset/VisDroneSplit1000Guarded/VisDrone2019-DET-val/annotations/9999973_00000_d_0000127.txt	test
val	9999973_00000_d_0000131	/home/wangzhe/DroneP_VG/dataset/VisDroneSplit1000Guarded/VisDrone2019-DET-val/images/9999973_00000_d_0000131.jpg	/home/wangzhe/DroneP_VG/dataset/VisDroneSplit1000Guarded/VisDrone2019-DET-val/annotations/9999973_00000_d_0000131.txt	visdrone_test_100
val	9999976_00000_d_0000031	/home/wangzhe/DroneP_VG/dataset/VisDroneSplit1000Guarded/VisDrone2019-DET-val/images/9999976_00000_d_0000031.jpg	/home/wangzhe/DroneP_VG/dataset/VisDroneSplit1000Guarded/VisDrone2019-DET-val/annotations/9999976_00000_d_0000031.txt	visdrone_test_100
val	9999976_00000_d_0000032	/home/wangzhe/DroneP_VG/dataset/VisDroneSplit1000Guarded/VisDrone2019-DET-val/images/9999976_00000_d_0000032.jpg	/home/wangzhe/DroneP_VG/dataset/VisDroneSplit1000Guarded/VisDrone2019-DET-val/annotations/9999976_00000_d_0000032.txt	visdrone_test_100
val	9999979_00000_d_0000016	/home/wangzhe/DroneP_VG/dataset/VisDroneSplit1000Guarded/VisDrone2019-DET-val/images/9999979_00000_d_0000016.jpg	/home/wangzhe/DroneP_VG/dataset/VisDroneSplit1000Guarded/VisDrone2019-DET-val/annotations/9999979_00000_d_0000016.txt	test
val	9999980_00000_d_0000002	/home/wangzhe/DroneP_VG/dataset/VisDroneSplit1000Guarded/VisDrone2019-DET-val/images/9999980_00000_d_0000002.jpg	/home/wangzhe/DroneP_VG/dataset/VisDroneSplit1000Guarded/VisDrone2019-DET-val/annotations/9999980_00000_d_0000002.txt	visdrone_test_100
val	9999981_00000_d_0000001	/home/wangzhe/DroneP_VG/dataset/VisDroneSplit1000Guarded/VisDrone2019-DET-val/images/9999981_00000_d_0000001.jpg	/home/wangzhe/DroneP_VG/dataset/VisDroneSplit1000Guarded/VisDrone2019-DET-val/annotations/9999981_00000_d_0000001.txt	train
val	9999981_00000_d_0000033	/home/wangzhe/DroneP_VG/dataset/VisDroneSplit1000Guarded/VisDrone2019-DET-val/images/9999981_00000_d_0000033.jpg	/home/wangzhe/DroneP_VG/dataset/VisDroneSplit1000Guarded/VisDrone2019-DET-val/annotations/9999981_00000_d_0000033.txt	train
val	9999981_00000_d_0000155	/home/wangzhe/DroneP_VG/dataset/VisDroneSplit1000Guarded/VisDrone2019-DET-val/images/9999981_00000_d_0000155.jpg	/home/wangzhe/DroneP_VG/dataset/VisDroneSplit1000Guarded/VisDrone2019-DET-val/annotations/9999981_00000_d_0000155.txt	train
val	9999982_00000_d_0000052	/home/wangzhe/DroneP_VG/dataset/VisDroneSplit1000Guarded/VisDrone2019-DET-val/images/9999982_00000_d_0000052.jpg	/home/wangzhe/DroneP_VG/dataset/VisDroneSplit1000Guarded/VisDrone2019-DET-val/annotations/9999982_00000_d_0000052.txt	train
val	9999982_00000_d_0000068	/home/wangzhe/DroneP_VG/dataset/VisDroneSplit1000Guarded/VisDrone2019-DET-val/images/9999982_00000_d_0000068.jpg	/home/wangzhe/DroneP_VG/dataset/VisDroneSplit1000Guarded/VisDrone2019-DET-val/annotations/9999982_00000_d_0000068.txt	train
val	9999982_00000_d_0000076	/home/wangzhe/DroneP_VG/dataset/VisDroneSplit1000Guarded/VisDrone2019-DET-val/images/9999982_00000_d_0000076.jpg	/home/wangzhe/DroneP_VG/dataset/VisDroneSplit1000Guarded/VisDrone2019-DET-val/annotations/9999982_00000_d_0000076.txt	train
val	9999982_00000_d_0000185	/home/wangzhe/DroneP_VG/dataset/VisDroneSplit1000Guarded/VisDrone2019-DET-val/images/9999982_00000_d_0000185.jpg	/home/wangzhe/DroneP_VG/dataset/VisDroneSplit1000Guarded/VisDrone2019-DET-val/annotations/9999982_00000_d_0000185.txt	train
val	9999982_00000_d_0000217	/home/wangzhe/DroneP_VG/dataset/VisDroneSplit1000Guarded/VisDrone2019-DET-val/images/9999982_00000_d_0000217.jpg	/home/wangzhe/DroneP_VG/dataset/VisDroneSplit1000Guarded/VisDrone2019-DET-val/annotations/9999982_00000_d_0000217.txt	train
val	9999982_00000_d_0000220	/home/wangzhe/DroneP_VG/dataset/VisDroneSplit1000Guarded/VisDrone2019-DET-val/images/9999982_00000_d_0000220.jpg	/home/wangzhe/DroneP_VG/dataset/VisDroneSplit1000Guarded/VisDrone2019-DET-val/annotations/9999982_00000_d_0000220.txt	train
val	9999982_00000_d_0000256	/home/wangzhe/DroneP_VG/dataset/VisDroneSplit1000Guarded/VisDrone2019-DET-val/images/9999982_00000_d_0000256.jpg	/home/wangzhe/DroneP_VG/dataset/VisDroneSplit1000Guarded/VisDrone2019-DET-val/annotations/9999982_00000_d_0000256.txt	train
val	9999984_00000_d_0000037	/home/wangzhe/DroneP_VG/dataset/VisDroneSplit1000Guarded/VisDrone2019-DET-val/images/9999984_00000_d_0000037.jpg	/home/wangzhe/DroneP_VG/dataset/VisDroneSplit1000Guarded/VisDrone2019-DET-val/annotations/9999984_00000_d_0000037.txt	train
val	9999984_00000_d_0000144	/home/wangzhe/DroneP_VG/dataset/VisDroneSplit1000Guarded/VisDrone2019-DET-val/images/9999984_00000_d_0000144.jpg	/home/wangzhe/DroneP_VG/dataset/VisDroneSplit1000Guarded/VisDrone2019-DET-val/annotations/9999984_00000_d_0000144.txt	train
val	9999984_00000_d_0000152	/home/wangzhe/DroneP_VG/dataset/VisDroneSplit1000Guarded/VisDrone2019-DET-val/images/9999984_00000_d_0000152.jpg	/home/wangzhe/DroneP_VG/dataset/VisDroneSplit1000Guarded/VisDrone2019-DET-val/annotations/9999984_00000_d_0000152.txt	train
val	9999986_00000_d_0000019	/home/wangzhe/DroneP_VG/dataset/VisDroneSplit1000Guarded/VisDrone2019-DET-val/images/9999986_00000_d_0000019.jpg	/home/wangzhe/DroneP_VG/dataset/VisDroneSplit1000Guarded/VisDrone2019-DET-val/annotations/9999986_00000_d_0000019.txt	visdrone_test_100
val	9999986_00000_d_0000057	/home/wangzhe/DroneP_VG/dataset/VisDroneSplit1000Guarded/VisDrone2019-DET-val/images/9999986_00000_d_0000057.jpg	/home/wangzhe/DroneP_VG/dataset/VisDroneSplit1000Guarded/VisDrone2019-DET-val/annotations/9999986_00000_d_0000057.txt	visdrone_test_100
val	9999991_00000_d_0000005	/home/wangzhe/DroneP_VG/dataset/VisDroneSplit1000Guarded/VisDrone2019-DET-val/images/9999991_00000_d_0000005.jpg	/home/wangzhe/DroneP_VG/dataset/VisDroneSplit1000Guarded/VisDrone2019-DET-val/annotations/9999991_00000_d_0000005.txt	train
val	9999994_00000_d_0000018	/home/wangzhe/DroneP_VG/dataset/VisDroneSplit1000Guarded/VisDrone2019-DET-val/images/9999994_00000_d_0000018.jpg	/home/wangzhe/DroneP_VG/dataset/VisDroneSplit1000Guarded/VisDrone2019-DET-val/annotations/9999994_00000_d_0000018.txt	train
val	9999994_00000_d_0000091	/home/wangzhe/DroneP_VG/dataset/VisDroneSplit1000Guarded/VisDrone2019-DET-val/images/9999994_00000_d_0000091.jpg	/home/wangzhe/DroneP_VG/dataset/VisDroneSplit1000Guarded/VisDrone2019-DET-val/annotations/9999994_00000_d_0000091.txt	train
val	9999994_00000_d_0000093	/home/wangzhe/DroneP_VG/dataset/VisDroneSplit1000Guarded/VisDrone2019-DET-val/images/9999994_00000_d_0000093.jpg	/home/wangzhe/DroneP_VG/dataset/VisDroneSplit1000Guarded/VisDrone2019-DET-val/annotations/9999994_00000_d_0000093.txt	train
val	9999994_00000_d_0000101	/home/wangzhe/DroneP_VG/dataset/VisDroneSplit1000Guarded/VisDrone2019-DET-val/images/9999994_00000_d_0000101.jpg	/home/wangzhe/DroneP_VG/dataset/VisDroneSplit1000Guarded/VisDrone2019-DET-val/annotations/9999994_00000_d_0000101.txt	train
val	9999998_00041_d_0000033	/home/wangzhe/DroneP_VG/dataset/VisDroneSplit1000Guarded/VisDrone2019-DET-val/images/9999998_00041_d_0000033.jpg	/home/wangzhe/DroneP_VG/dataset/VisDroneSplit1000Guarded/VisDrone2019-DET-val/annotations/9999998_00041_d_0000033.txt	train
val	9999998_00085_d_0000069	/home/wangzhe/DroneP_VG/dataset/VisDroneSplit1000Guarded/VisDrone2019-DET-val/images/9999998_00085_d_0000069.jpg	/home/wangzhe/DroneP_VG/dataset/VisDroneSplit1000Guarded/VisDrone2019-DET-val/annotations/9999998_00085_d_0000069.txt	train
val	9999998_00086_d_0000070	/home/wangzhe/DroneP_VG/dataset/VisDroneSplit1000Guarded/VisDrone2019-DET-val/images/9999998_00086_d_0000070.jpg	/home/wangzhe/DroneP_VG/dataset/VisDroneSplit1000Guarded/VisDrone2019-DET-val/annotations/9999998_00086_d_0000070.txt	train
val	9999998_00129_d_0000107	/home/wangzhe/DroneP_VG/dataset/VisDroneSplit1000Guarded/VisDrone2019-DET-val/images/9999998_00129_d_0000107.jpg	/home/wangzhe/DroneP_VG/dataset/VisDroneSplit1000Guarded/VisDrone2019-DET-val/annotations/9999998_00129_d_0000107.txt	train
val	9999998_00161_d_0000136	/home/wangzhe/DroneP_VG/dataset/VisDroneSplit1000Guarded/VisDrone2019-DET-val/images/9999998_00161_d_0000136.jpg	/home/wangzhe/DroneP_VG/dataset/VisDroneSplit1000Guarded/VisDrone2019-DET-val/annotations/9999998_00161_d_0000136.txt	train
val	9999998_00239_d_0000193	/home/wangzhe/DroneP_VG/dataset/VisDroneSplit1000Guarded/VisDrone2019-DET-val/images/9999998_00239_d_0000193.jpg	/home/wangzhe/DroneP_VG/dataset/VisDroneSplit1000Guarded/VisDrone2019-DET-val/annotations/9999998_00239_d_0000193.txt	train
val	9999998_00400_d_0000352	/home/wangzhe/DroneP_VG/dataset/VisDroneSplit1000Guarded/VisDrone2019-DET-val/images/9999998_00400_d_0000352.jpg	/home/wangzhe/DroneP_VG/dataset/VisDroneSplit1000Guarded/VisDrone2019-DET-val/annotations/9999998_00400_d_0000352.txt	train
val	9999998_00408_d_0000360	/home/wangzhe/DroneP_VG/dataset/VisDroneSplit1000Guarded/VisDrone2019-DET-val/images/9999998_00408_d_0000360.jpg	/home/wangzhe/DroneP_VG/dataset/VisDroneSplit1000Guarded/VisDrone2019-DET-val/annotations/9999998_00408_d_0000360.txt	train
val	9999999_00087_d_0000030	/home/wangzhe/DroneP_VG/dataset/VisDroneSplit1000Guarded/VisDrone2019-DET-val/images/9999999_00087_d_0000030.jpg	/home/wangzhe/DroneP_VG/dataset/VisDroneSplit1000Guarded/VisDrone2019-DET-val/annotations/9999999_00087_d_0000030.txt	train
val	9999999_00223_d_0000094	/home/wangzhe/DroneP_VG/dataset/VisDroneSplit1000Guarded/VisDrone2019-DET-val/images/9999999_00223_d_0000094.jpg	/home/wangzhe/DroneP_VG/dataset/VisDroneSplit1000Guarded/VisDrone2019-DET-val/annotations/9999999_00223_d_0000094.txt	train
val	9999999_00231_d_0000098	/home/wangzhe/DroneP_VG/dataset/VisDroneSplit1000Guarded/VisDrone2019-DET-val/images/9999999_00231_d_0000098.jpg	/home/wangzhe/DroneP_VG/dataset/VisDroneSplit1000Guarded/VisDrone2019-DET-val/annotations/9999999_00231_d_0000098.txt	train
val	9999999_00245_d_0000105	/home/wangzhe/DroneP_VG/dataset/VisDroneSplit1000Guarded/VisDrone2019-DET-val/images/9999999_00245_d_0000105.jpg	/home/wangzhe/DroneP_VG/dataset/VisDroneSplit1000Guarded/VisDrone2019-DET-val/annotations/9999999_00245_d_0000105.txt	train
val	9999999_00263_d_0000114	/home/wangzhe/DroneP_VG/dataset/VisDroneSplit1000Guarded/VisDrone2019-DET-val/images/9999999_00263_d_0000114.jpg	/home/wangzhe/DroneP_VG/dataset/VisDroneSplit1000Guarded/VisDrone2019-DET-val/annotations/9999999_00263_d_0000114.txt	train
val	9999999_00464_d_0000207	/home/wangzhe/DroneP_VG/dataset/VisDroneSplit1000Guarded/VisDrone2019-DET-val/images/9999999_00464_d_0000207.jpg	/home/wangzhe/DroneP_VG/dataset/VisDroneSplit1000Guarded/VisDrone2019-DET-val/annotations/9999999_00464_d_0000207.txt	train
val	9999999_00514_d_0000230	/home/wangzhe/DroneP_VG/dataset/VisDroneSplit1000Guarded/VisDrone2019-DET-val/images/9999999_00514_d_0000230.jpg	/home/wangzhe/DroneP_VG/dataset/VisDroneSplit1000Guarded/VisDrone2019-DET-val/annotations/9999999_00514_d_0000230.txt	train
val	9999999_00552_d_0000248	/home/wangzhe/DroneP_VG/dataset/VisDroneSplit1000Guarded/VisDrone2019-DET-val/images/9999999_00552_d_0000248.jpg	/home/wangzhe/DroneP_VG/dataset/VisDroneSplit1000Guarded/VisDrone2019-DET-val/annotations/9999999_00552_d_0000248.txt	train
val	9999999_00663_d_0000301	/home/wangzhe/DroneP_VG/dataset/VisDroneSplit1000Guarded/VisDrone2019-DET-val/images/9999999_00663_d_0000301.jpg	/home/wangzhe/DroneP_VG/dataset/VisDroneSplit1000Guarded/VisDrone2019-DET-val/annotations/9999999_00663_d_0000301.txt	train
val	9999999_00723_d_0000329	/home/wangzhe/DroneP_VG/dataset/VisDroneSplit1000Guarded/VisDrone2019-DET-val/images/9999999_00723_d_0000329.jpg	/home/wangzhe/DroneP_VG/dataset/VisDroneSplit1000Guarded/VisDrone2019-DET-val/annotations/9999999_00723_d_0000329.txt	train
val	9999999_00787_d_0000360	/home/wangzhe/DroneP_VG/dataset/VisDroneSplit1000Guarded/VisDrone2019-DET-val/images/9999999_00787_d_0000360.jpg	/home/wangzhe/DroneP_VG/dataset/VisDroneSplit1000Guarded/VisDrone2019-DET-val/annotations/9999999_00787_d_0000360.txt	train
val	9999999_00855_d_0000391	/home/wangzhe/DroneP_VG/dataset/VisDroneSplit1000Guarded/VisDrone2019-DET-val/images/9999999_00855_d_0000391.jpg	/home/wangzhe/DroneP_VG/dataset/VisDroneSplit1000Guarded/VisDrone2019-DET-val/annotations/9999999_00855_d_0000391.txt	train
test	0000021_00000_d_0000001	/home/wangzhe/DroneP_VG/dataset/VisDroneSplit1000Guarded/VisDrone2019-DET-test/images/0000021_00000_d_0000001.jpg	/home/wangzhe/DroneP_VG/dataset/VisDroneSplit1000Guarded/VisDrone2019-DET-test/annotations/0000021_00000_d_0000001.txt	val
test	0000040_03288_d_0000069	/home/wangzhe/DroneP_VG/dataset/VisDroneSplit1000Guarded/VisDrone2019-DET-test/images/0000040_03288_d_0000069.jpg	/home/wangzhe/DroneP_VG/dataset/VisDroneSplit1000Guarded/VisDrone2019-DET-test/annotations/0000040_03288_d_0000069.txt	train
test	0000072_07660_d_0000012	/home/wangzhe/DroneP_VG/dataset/VisDroneSplit1000Guarded/VisDrone2019-DET-test/images/0000072_07660_d_0000012.jpg	/home/wangzhe/DroneP_VG/dataset/VisDroneSplit1000Guarded/VisDrone2019-DET-test/annotations/0000072_07660_d_0000012.txt	train
test	0000074_13313_d_0000026	/home/wangzhe/DroneP_VG/dataset/VisDroneSplit1000Guarded/VisDrone2019-DET-test/images/0000074_13313_d_0000026.jpg	/home/wangzhe/DroneP_VG/dataset/VisDroneSplit1000Guarded/VisDrone2019-DET-test/annotations/0000074_13313_d_0000026.txt	visdrone_test_100
test	0000074_15793_d_0000031	/home/wangzhe/DroneP_VG/dataset/VisDroneSplit1000Guarded/VisDrone2019-DET-test/images/0000074_15793_d_0000031.jpg	/home/wangzhe/DroneP_VG/dataset/VisDroneSplit1000Guarded/VisDrone2019-DET-test/annotations/0000074_15793_d_0000031.txt	visdrone_test_100
test	0000087_01580_d_0000005	/home/wangzhe/DroneP_VG/dataset/VisDroneSplit1000Guarded/VisDrone2019-DET-test/images/0000087_01580_d_0000005.jpg	/home/wangzhe/DroneP_VG/dataset/VisDroneSplit1000Guarded/VisDrone2019-DET-test/annotations/0000087_01580_d_0000005.txt	test
test	0000103_03349_d_0000031	/home/wangzhe/DroneP_VG/dataset/VisDroneSplit1000Guarded/VisDrone2019-DET-test/images/0000103_03349_d_0000031.jpg	/home/wangzhe/DroneP_VG/dataset/VisDroneSplit1000Guarded/VisDrone2019-DET-test/annotations/0000103_03349_d_0000031.txt	val
test	0000103_03738_d_0000032	/home/wangzhe/DroneP_VG/dataset/VisDroneSplit1000Guarded/VisDrone2019-DET-test/images/0000103_03738_d_0000032.jpg	/home/wangzhe/DroneP_VG/dataset/VisDroneSplit1000Guarded/VisDrone2019-DET-test/annotations/0000103_03738_d_0000032.txt	val
test	0000113_00814_d_0000076	/home/wangzhe/DroneP_VG/dataset/VisDroneSplit1000Guarded/VisDrone2019-DET-test/images/0000113_00814_d_0000076.jpg	/home/wangzhe/DroneP_VG/dataset/VisDroneSplit1000Guarded/VisDrone2019-DET-test/annotations/0000113_00814_d_0000076.txt	train
test	0000134_01332_d_0000146	/home/wangzhe/DroneP_VG/dataset/VisDroneSplit1000Guarded/VisDrone2019-DET-test/images/0000134_01332_d_0000146.jpg	/home/wangzhe/DroneP_VG/dataset/VisDroneSplit1000Guarded/VisDrone2019-DET-test/annotations/0000134_01332_d_0000146.txt	train
test	0000140_02477_d_0000006	/home/wangzhe/DroneP_VG/dataset/VisDroneSplit1000Guarded/VisDrone2019-DET-test/images/0000140_02477_d_0000006.jpg	/home/wangzhe/DroneP_VG/dataset/VisDroneSplit1000Guarded/VisDrone2019-DET-test/annotations/0000140_02477_d_0000006.txt	train
test	0000152_02214_d_0000150	/home/wangzhe/DroneP_VG/dataset/VisDroneSplit1000Guarded/VisDrone2019-DET-test/images/0000152_02214_d_0000150.jpg	/home/wangzhe/DroneP_VG/dataset/VisDroneSplit1000Guarded/VisDrone2019-DET-test/annotations/0000152_02214_d_0000150.txt	test
test	0000167_01384_d_0000131	/home/wangzhe/DroneP_VG/dataset/VisDroneSplit1000Guarded/VisDrone2019-DET-test/images/0000167_01384_d_0000131.jpg	/home/wangzhe/DroneP_VG/dataset/VisDroneSplit1000Guarded/VisDrone2019-DET-test/annotations/0000167_01384_d_0000131.txt	train
test	0000170_00801_d_0000001	/home/wangzhe/DroneP_VG/dataset/VisDroneSplit1000Guarded/VisDrone2019-DET-test/images/0000170_00801_d_0000001.jpg	/home/wangzhe/DroneP_VG/dataset/VisDroneSplit1000Guarded/VisDrone2019-DET-test/annotations/0000170_00801_d_0000001.txt	train
test	0000173_00401_d_0000001	/home/wangzhe/DroneP_VG/dataset/VisDroneSplit1000Guarded/VisDrone2019-DET-test/images/0000173_00401_d_0000001.jpg	/home/wangzhe/DroneP_VG/dataset/VisDroneSplit1000Guarded/VisDrone2019-DET-test/annotations/0000173_00401_d_0000001.txt	train
test	0000180_00000_d_0000019	/home/wangzhe/DroneP_VG/dataset/VisDroneSplit1000Guarded/VisDrone2019-DET-test/images/0000180_00000_d_0000019.jpg	/home/wangzhe/DroneP_VG/dataset/VisDroneSplit1000Guarded/VisDrone2019-DET-test/annotations/0000180_00000_d_0000019.txt	train
test	0000193_01705_d_0000112	/home/wangzhe/DroneP_VG/dataset/VisDroneSplit1000Guarded/VisDrone2019-DET-test/images/0000193_01705_d_0000112.jpg	/home/wangzhe/DroneP_VG/dataset/VisDroneSplit1000Guarded/VisDrone2019-DET-test/annotations/0000193_01705_d_0000112.txt	val
test	0000198_01629_d_0000160	/home/wangzhe/DroneP_VG/dataset/VisDroneSplit1000Guarded/VisDrone2019-DET-test/images/0000198_01629_d_0000160.jpg	/home/wangzhe/DroneP_VG/dataset/VisDroneSplit1000Guarded/VisDrone2019-DET-test/annotations/0000198_01629_d_0000160.txt	train
test	0000207_00700_d_0000008	/home/wangzhe/DroneP_VG/dataset/VisDroneSplit1000Guarded/VisDrone2019-DET-test/images/0000207_00700_d_0000008.jpg	/home/wangzhe/DroneP_VG/dataset/VisDroneSplit1000Guarded/VisDrone2019-DET-test/annotations/0000207_00700_d_0000008.txt	test
test	0000239_06950_d_0000018	/home/wangzhe/DroneP_VG/dataset/VisDroneSplit1000Guarded/VisDrone2019-DET-test/images/0000239_06950_d_0000018.jpg	/home/wangzhe/DroneP_VG/dataset/VisDroneSplit1000Guarded/VisDrone2019-DET-test/annotations/0000239_06950_d_0000018.txt	train
test	0000242_04600_d_0000014	/home/wangzhe/DroneP_VG/dataset/VisDroneSplit1000Guarded/VisDrone2019-DET-test/images/0000242_04600_d_0000014.jpg	/home/wangzhe/DroneP_VG/dataset/VisDroneSplit1000Guarded/VisDrone2019-DET-test/annotations/0000242_04600_d_0000014.txt	val
test	0000257_03360_d_0000058	/home/wangzhe/DroneP_VG/dataset/VisDroneSplit1000Guarded/VisDrone2019-DET-test/images/0000257_03360_d_0000058.jpg	/home/wangzhe/DroneP_VG/dataset/VisDroneSplit1000Guarded/VisDrone2019-DET-test/annotations/0000257_03360_d_0000058.txt	train
test	0000257_03864_d_0000062	/home/wangzhe/DroneP_VG/dataset/VisDroneSplit1000Guarded/VisDrone2019-DET-test/images/0000257_03864_d_0000062.jpg	/home/wangzhe/DroneP_VG/dataset/VisDroneSplit1000Guarded/VisDrone2019-DET-test/annotations/0000257_03864_d_0000062.txt	train
test	0000260_01609_d_0000109	/home/wangzhe/DroneP_VG/dataset/VisDroneSplit1000Guarded/VisDrone2019-DET-test/images/0000260_01609_d_0000109.jpg	/home/wangzhe/DroneP_VG/dataset/VisDroneSplit1000Guarded/VisDrone2019-DET-test/annotations/0000260_01609_d_0000109.txt	train
test	0000276_05601_d_0000535	/home/wangzhe/DroneP_VG/dataset/VisDroneSplit1000Guarded/VisDrone2019-DET-test/images/0000276_05601_d_0000535.jpg	/home/wangzhe/DroneP_VG/dataset/VisDroneSplit1000Guarded/VisDrone2019-DET-test/annotations/0000276_05601_d_0000535.txt	val
test	0000293_03601_d_0000940	/home/wangzhe/DroneP_VG/dataset/VisDroneSplit1000Guarded/VisDrone2019-DET-test/images/0000293_03601_d_0000940.jpg	/home/wangzhe/DroneP_VG/dataset/VisDroneSplit1000Guarded/VisDrone2019-DET-test/annotations/0000293_03601_d_0000940.txt	val
test	0000299_03500_d_0000104	/home/wangzhe/DroneP_VG/dataset/VisDroneSplit1000Guarded/VisDrone2019-DET-test/images/0000299_03500_d_0000104.jpg	/home/wangzhe/DroneP_VG/dataset/VisDroneSplit1000Guarded/VisDrone2019-DET-test/annotations/0000299_03500_d_0000104.txt	visdrone_test_100
test	0000309_03801_d_0000352	/home/wangzhe/DroneP_VG/dataset/VisDroneSplit1000Guarded/VisDrone2019-DET-test/images/0000309_03801_d_0000352.jpg	/home/wangzhe/DroneP_VG/dataset/VisDroneSplit1000Guarded/VisDrone2019-DET-test/annotations/0000309_03801_d_0000352.txt	train
test	0000313_05401_d_0000463	/home/wangzhe/DroneP_VG/dataset/VisDroneSplit1000Guarded/VisDrone2019-DET-test/images/0000313_05401_d_0000463.jpg	/home/wangzhe/DroneP_VG/dataset/VisDroneSplit1000Guarded/VisDrone2019-DET-test/annotations/0000313_05401_d_0000463.txt	train
test	0000314_01000_d_0000144	/home/wangzhe/DroneP_VG/dataset/VisDroneSplit1000Guarded/VisDrone2019-DET-test/images/0000314_01000_d_0000144.jpg	/home/wangzhe/DroneP_VG/dataset/VisDroneSplit1000Guarded/VisDrone2019-DET-test/annotations/0000314_01000_d_0000144.txt	visdrone_test_100
test	0000320_00750_d_0000007	/home/wangzhe/DroneP_VG/dataset/VisDroneSplit1000Guarded/VisDrone2019-DET-test/images/0000320_00750_d_0000007.jpg	/home/wangzhe/DroneP_VG/dataset/VisDroneSplit1000Guarded/VisDrone2019-DET-test/annotations/0000320_00750_d_0000007.txt	visdrone_test_100
test	0000323_00401_d_0000634	/home/wangzhe/DroneP_VG/dataset/VisDroneSplit1000Guarded/VisDrone2019-DET-test/images/0000323_00401_d_0000634.jpg	/home/wangzhe/DroneP_VG/dataset/VisDroneSplit1000Guarded/VisDrone2019-DET-test/annotations/0000323_00401_d_0000634.txt	train
test	0000323_01801_d_0000641	/home/wangzhe/DroneP_VG/dataset/VisDroneSplit1000Guarded/VisDrone2019-DET-test/images/0000323_01801_d_0000641.jpg	/home/wangzhe/DroneP_VG/dataset/VisDroneSplit1000Guarded/VisDrone2019-DET-test/annotations/0000323_01801_d_0000641.txt	train
test	0000327_03601_d_0000729	/home/wangzhe/DroneP_VG/dataset/VisDroneSplit1000Guarded/VisDrone2019-DET-test/images/0000327_03601_d_0000729.jpg	/home/wangzhe/DroneP_VG/dataset/VisDroneSplit1000Guarded/VisDrone2019-DET-test/annotations/0000327_03601_d_0000729.txt	val
test	0000338_01961_d_0000148	/home/wangzhe/DroneP_VG/dataset/VisDroneSplit1000Guarded/VisDrone2019-DET-test/images/0000338_01961_d_0000148.jpg	/home/wangzhe/DroneP_VG/dataset/VisDroneSplit1000Guarded/VisDrone2019-DET-test/annotations/0000338_01961_d_0000148.txt	train
test	0000348_05097_d_0000432	/home/wangzhe/DroneP_VG/dataset/VisDroneSplit1000Guarded/VisDrone2019-DET-test/images/0000348_05097_d_0000432.jpg	/home/wangzhe/DroneP_VG/dataset/VisDroneSplit1000Guarded/VisDrone2019-DET-test/annotations/0000348_05097_d_0000432.txt	train
test	0000353_00000_d_0000188	/home/wangzhe/DroneP_VG/dataset/VisDroneSplit1000Guarded/VisDrone2019-DET-test/images/0000353_00000_d_0000188.jpg	/home/wangzhe/DroneP_VG/dataset/VisDroneSplit1000Guarded/VisDrone2019-DET-test/annotations/0000353_00000_d_0000188.txt	visdrone_test_100
test	0000360_00981_d_0000718	/home/wangzhe/DroneP_VG/dataset/VisDroneSplit1000Guarded/VisDrone2019-DET-test/images/0000360_00981_d_0000718.jpg	/home/wangzhe/DroneP_VG/dataset/VisDroneSplit1000Guarded/VisDrone2019-DET-test/annotations/0000360_00981_d_0000718.txt	val
test	0000366_04117_d_0000798	/home/wangzhe/DroneP_VG/dataset/VisDroneSplit1000Guarded/VisDrone2019-DET-test/images/0000366_04117_d_0000798.jpg	/home/wangzhe/DroneP_VG/dataset/VisDroneSplit1000Guarded/VisDrone2019-DET-test/annotations/0000366_04117_d_0000798.txt	train
test	9999937_00000_d_0000007	/home/wangzhe/DroneP_VG/dataset/VisDroneSplit1000Guarded/VisDrone2019-DET-test/images/9999937_00000_d_0000007.jpg	/home/wangzhe/DroneP_VG/dataset/VisDroneSplit1000Guarded/VisDrone2019-DET-test/annotations/9999937_00000_d_0000007.txt	train
test	9999937_00000_d_0000029	/home/wangzhe/DroneP_VG/dataset/VisDroneSplit1000Guarded/VisDrone2019-DET-test/images/9999937_00000_d_0000029.jpg	/home/wangzhe/DroneP_VG/dataset/VisDroneSplit1000Guarded/VisDrone2019-DET-test/annotations/9999937_00000_d_0000029.txt	train
test	9999937_00000_d_0000075	/home/wangzhe/DroneP_VG/dataset/VisDroneSplit1000Guarded/VisDrone2019-DET-test/images/9999937_00000_d_0000075.jpg	/home/wangzhe/DroneP_VG/dataset/VisDroneSplit1000Guarded/VisDrone2019-DET-test/annotations/9999937_00000_d_0000075.txt	train
test	9999937_00000_d_0000129	/home/wangzhe/DroneP_VG/dataset/VisDroneSplit1000Guarded/VisDrone2019-DET-test/images/9999937_00000_d_0000129.jpg	/home/wangzhe/DroneP_VG/dataset/VisDroneSplit1000Guarded/VisDrone2019-DET-test/annotations/9999937_00000_d_0000129.txt	train
test	9999937_00000_d_0000215	/home/wangzhe/DroneP_VG/dataset/VisDroneSplit1000Guarded/VisDrone2019-DET-test/images/9999937_00000_d_0000215.jpg	/home/wangzhe/DroneP_VG/dataset/VisDroneSplit1000Guarded/VisDrone2019-DET-test/annotations/9999937_00000_d_0000215.txt	train
test	9999938_00000_d_0000021	/home/wangzhe/DroneP_VG/dataset/VisDroneSplit1000Guarded/VisDrone2019-DET-test/images/9999938_00000_d_0000021.jpg	/home/wangzhe/DroneP_VG/dataset/VisDroneSplit1000Guarded/VisDrone2019-DET-test/annotations/9999938_00000_d_0000021.txt	test
test	9999938_00000_d_0000073	/home/wangzhe/DroneP_VG/dataset/VisDroneSplit1000Guarded/VisDrone2019-DET-test/images/9999938_00000_d_0000073.jpg	/home/wangzhe/DroneP_VG/dataset/VisDroneSplit1000Guarded/VisDrone2019-DET-test/annotations/9999938_00000_d_0000073.txt	test
test	9999938_00000_d_0000079	/home/wangzhe/DroneP_VG/dataset/VisDroneSplit1000Guarded/VisDrone2019-DET-test/images/9999938_00000_d_0000079.jpg	/home/wangzhe/DroneP_VG/dataset/VisDroneSplit1000Guarded/VisDrone2019-DET-test/annotations/9999938_00000_d_0000079.txt	test
test	9999938_00000_d_0000080	/home/wangzhe/DroneP_VG/dataset/VisDroneSplit1000Guarded/VisDrone2019-DET-test/images/9999938_00000_d_0000080.jpg	/home/wangzhe/DroneP_VG/dataset/VisDroneSplit1000Guarded/VisDrone2019-DET-test/annotations/9999938_00000_d_0000080.txt	test
test	9999938_00000_d_0000168	/home/wangzhe/DroneP_VG/dataset/VisDroneSplit1000Guarded/VisDrone2019-DET-test/images/9999938_00000_d_0000168.jpg	/home/wangzhe/DroneP_VG/dataset/VisDroneSplit1000Guarded/VisDrone2019-DET-test/annotations/9999938_00000_d_0000168.txt	test
test	9999938_00000_d_0000189	/home/wangzhe/DroneP_VG/dataset/VisDroneSplit1000Guarded/VisDrone2019-DET-test/images/9999938_00000_d_0000189.jpg	/home/wangzhe/DroneP_VG/dataset/VisDroneSplit1000Guarded/VisDrone2019-DET-test/annotations/9999938_00000_d_0000189.txt	test
test	9999938_00000_d_0000190	/home/wangzhe/DroneP_VG/dataset/VisDroneSplit1000Guarded/VisDrone2019-DET-test/images/9999938_00000_d_0000190.jpg	/home/wangzhe/DroneP_VG/dataset/VisDroneSplit1000Guarded/VisDrone2019-DET-test/annotations/9999938_00000_d_0000190.txt	visdrone_test_100
test	9999938_00000_d_0000201	/home/wangzhe/DroneP_VG/dataset/VisDroneSplit1000Guarded/VisDrone2019-DET-test/images/9999938_00000_d_0000201.jpg	/home/wangzhe/DroneP_VG/dataset/VisDroneSplit1000Guarded/VisDrone2019-DET-test/annotations/9999938_00000_d_0000201.txt	visdrone_test_100
test	9999938_00000_d_0000249	/home/wangzhe/DroneP_VG/dataset/VisDroneSplit1000Guarded/VisDrone2019-DET-test/images/9999938_00000_d_0000249.jpg	/home/wangzhe/DroneP_VG/dataset/VisDroneSplit1000Guarded/VisDrone2019-DET-test/annotations/9999938_00000_d_0000249.txt	test
test	9999938_00000_d_0000251	/home/wangzhe/DroneP_VG/dataset/VisDroneSplit1000Guarded/VisDrone2019-DET-test/images/9999938_00000_d_0000251.jpg	/home/wangzhe/DroneP_VG/dataset/VisDroneSplit1000Guarded/VisDrone2019-DET-test/annotations/9999938_00000_d_0000251.txt	visdrone_test_100
test	9999938_00000_d_0000257	/home/wangzhe/DroneP_VG/dataset/VisDroneSplit1000Guarded/VisDrone2019-DET-test/images/9999938_00000_d_0000257.jpg	/home/wangzhe/DroneP_VG/dataset/VisDroneSplit1000Guarded/VisDrone2019-DET-test/annotations/9999938_00000_d_0000257.txt	test
test	9999938_00000_d_0000259	/home/wangzhe/DroneP_VG/dataset/VisDroneSplit1000Guarded/VisDrone2019-DET-test/images/9999938_00000_d_0000259.jpg	/home/wangzhe/DroneP_VG/dataset/VisDroneSplit1000Guarded/VisDrone2019-DET-test/annotations/9999938_00000_d_0000259.txt	test
test	9999938_00000_d_0000310	/home/wangzhe/DroneP_VG/dataset/VisDroneSplit1000Guarded/VisDrone2019-DET-test/images/9999938_00000_d_0000310.jpg	/home/wangzhe/DroneP_VG/dataset/VisDroneSplit1000Guarded/VisDrone2019-DET-test/annotations/9999938_00000_d_0000310.txt	test
test	9999938_00000_d_0000366	/home/wangzhe/DroneP_VG/dataset/VisDroneSplit1000Guarded/VisDrone2019-DET-test/images/9999938_00000_d_0000366.jpg	/home/wangzhe/DroneP_VG/dataset/VisDroneSplit1000Guarded/VisDrone2019-DET-test/annotations/9999938_00000_d_0000366.txt	test
test	9999938_00000_d_0000413	/home/wangzhe/DroneP_VG/dataset/VisDroneSplit1000Guarded/VisDrone2019-DET-test/images/9999938_00000_d_0000413.jpg	/home/wangzhe/DroneP_VG/dataset/VisDroneSplit1000Guarded/VisDrone2019-DET-test/annotations/9999938_00000_d_0000413.txt	test
test	9999940_00000_d_0000069	/home/wangzhe/DroneP_VG/dataset/VisDroneSplit1000Guarded/VisDrone2019-DET-test/images/9999940_00000_d_0000069.jpg	/home/wangzhe/DroneP_VG/dataset/VisDroneSplit1000Guarded/VisDrone2019-DET-test/annotations/9999940_00000_d_0000069.txt	train
test	9999940_00000_d_0000089	/home/wangzhe/DroneP_VG/dataset/VisDroneSplit1000Guarded/VisDrone2019-DET-test/images/9999940_00000_d_0000089.jpg	/home/wangzhe/DroneP_VG/dataset/VisDroneSplit1000Guarded/VisDrone2019-DET-test/annotations/9999940_00000_d_0000089.txt	train
test	9999941_00000_d_0000001	/home/wangzhe/DroneP_VG/dataset/VisDroneSplit1000Guarded/VisDrone2019-DET-test/images/9999941_00000_d_0000001.jpg	/home/wangzhe/DroneP_VG/dataset/VisDroneSplit1000Guarded/VisDrone2019-DET-test/annotations/9999941_00000_d_0000001.txt	test
test	9999941_00000_d_0000004	/home/wangzhe/DroneP_VG/dataset/VisDroneSplit1000Guarded/VisDrone2019-DET-test/images/9999941_00000_d_0000004.jpg	/home/wangzhe/DroneP_VG/dataset/VisDroneSplit1000Guarded/VisDrone2019-DET-test/annotations/9999941_00000_d_0000004.txt	test
test	9999941_00000_d_0000024	/home/wangzhe/DroneP_VG/dataset/VisDroneSplit1000Guarded/VisDrone2019-DET-test/images/9999941_00000_d_0000024.jpg	/home/wangzhe/DroneP_VG/dataset/VisDroneSplit1000Guarded/VisDrone2019-DET-test/annotations/9999941_00000_d_0000024.txt	test
test	9999942_00000_d_0000065	/home/wangzhe/DroneP_VG/dataset/VisDroneSplit1000Guarded/VisDrone2019-DET-test/images/9999942_00000_d_0000065.jpg	/home/wangzhe/DroneP_VG/dataset/VisDroneSplit1000Guarded/VisDrone2019-DET-test/annotations/9999942_00000_d_0000065.txt	train
test	9999942_00000_d_0000091	/home/wangzhe/DroneP_VG/dataset/VisDroneSplit1000Guarded/VisDrone2019-DET-test/images/9999942_00000_d_0000091.jpg	/home/wangzhe/DroneP_VG/dataset/VisDroneSplit1000Guarded/VisDrone2019-DET-test/annotations/9999942_00000_d_0000091.txt	train
test	9999942_00000_d_0000139	/home/wangzhe/DroneP_VG/dataset/VisDroneSplit1000Guarded/VisDrone2019-DET-test/images/9999942_00000_d_0000139.jpg	/home/wangzhe/DroneP_VG/dataset/VisDroneSplit1000Guarded/VisDrone2019-DET-test/annotations/9999942_00000_d_0000139.txt	train
test	9999942_00000_d_0000142	/home/wangzhe/DroneP_VG/dataset/VisDroneSplit1000Guarded/VisDrone2019-DET-test/images/9999942_00000_d_0000142.jpg	/home/wangzhe/DroneP_VG/dataset/VisDroneSplit1000Guarded/VisDrone2019-DET-test/annotations/9999942_00000_d_0000142.txt	train
test	9999942_00000_d_0000174	/home/wangzhe/DroneP_VG/dataset/VisDroneSplit1000Guarded/VisDrone2019-DET-test/images/9999942_00000_d_0000174.jpg	/home/wangzhe/DroneP_VG/dataset/VisDroneSplit1000Guarded/VisDrone2019-DET-test/annotations/9999942_00000_d_0000174.txt	train
test	9999942_00000_d_0000223	/home/wangzhe/DroneP_VG/dataset/VisDroneSplit1000Guarded/VisDrone2019-DET-test/images/9999942_00000_d_0000223.jpg	/home/wangzhe/DroneP_VG/dataset/VisDroneSplit1000Guarded/VisDrone2019-DET-test/annotations/9999942_00000_d_0000223.txt	train
test	9999942_00000_d_0000226	/home/wangzhe/DroneP_VG/dataset/VisDroneSplit1000Guarded/VisDrone2019-DET-test/images/9999942_00000_d_0000226.jpg	/home/wangzhe/DroneP_VG/dataset/VisDroneSplit1000Guarded/VisDrone2019-DET-test/annotations/9999942_00000_d_0000226.txt	train
test	9999942_00000_d_0000230	/home/wangzhe/DroneP_VG/dataset/VisDroneSplit1000Guarded/VisDrone2019-DET-test/images/9999942_00000_d_0000230.jpg	/home/wangzhe/DroneP_VG/dataset/VisDroneSplit1000Guarded/VisDrone2019-DET-test/annotations/9999942_00000_d_0000230.txt	train
test	9999942_00000_d_0000238	/home/wangzhe/DroneP_VG/dataset/VisDroneSplit1000Guarded/VisDrone2019-DET-test/images/9999942_00000_d_0000238.jpg	/home/wangzhe/DroneP_VG/dataset/VisDroneSplit1000Guarded/VisDrone2019-DET-test/annotations/9999942_00000_d_0000238.txt	train
test	9999943_00000_d_0000033	/home/wangzhe/DroneP_VG/dataset/VisDroneSplit1000Guarded/VisDrone2019-DET-test/images/9999943_00000_d_0000033.jpg	/home/wangzhe/DroneP_VG/dataset/VisDroneSplit1000Guarded/VisDrone2019-DET-test/annotations/9999943_00000_d_0000033.txt	train
test	9999945_00000_d_0000014	/home/wangzhe/DroneP_VG/dataset/VisDroneSplit1000Guarded/VisDrone2019-DET-test/images/9999945_00000_d_0000014.jpg	/home/wangzhe/DroneP_VG/dataset/VisDroneSplit1000Guarded/VisDrone2019-DET-test/annotations/9999945_00000_d_0000014.txt	train
test	9999945_00000_d_0000057	/home/wangzhe/DroneP_VG/dataset/VisDroneSplit1000Guarded/VisDrone2019-DET-test/images/9999945_00000_d_0000057.jpg	/home/wangzhe/DroneP_VG/dataset/VisDroneSplit1000Guarded/VisDrone2019-DET-test/annotations/9999945_00000_d_0000057.txt	train
test	9999945_00000_d_0000092	/home/wangzhe/DroneP_VG/dataset/VisDroneSplit1000Guarded/VisDrone2019-DET-test/images/9999945_00000_d_0000092.jpg	/home/wangzhe/DroneP_VG/dataset/VisDroneSplit1000Guarded/VisDrone2019-DET-test/annotations/9999945_00000_d_0000092.txt	train
test	9999945_00000_d_0000123	/home/wangzhe/DroneP_VG/dataset/VisDroneSplit1000Guarded/VisDrone2019-DET-test/images/9999945_00000_d_0000123.jpg	/home/wangzhe/DroneP_VG/dataset/VisDroneSplit1000Guarded/VisDrone2019-DET-test/annotations/9999945_00000_d_0000123.txt	train
test	9999945_00000_d_0000126	/home/wangzhe/DroneP_VG/dataset/VisDroneSplit1000Guarded/VisDrone2019-DET-test/images/9999945_00000_d_0000126.jpg	/home/wangzhe/DroneP_VG/dataset/VisDroneSplit1000Guarded/VisDrone2019-DET-test/annotations/9999945_00000_d_0000126.txt	train
test	9999951_00000_d_0000092	/home/wangzhe/DroneP_VG/dataset/VisDroneSplit1000Guarded/VisDrone2019-DET-test/images/9999951_00000_d_0000092.jpg	/home/wangzhe/DroneP_VG/dataset/VisDroneSplit1000Guarded/VisDrone2019-DET-test/annotations/9999951_00000_d_0000092.txt	train
test	9999951_00000_d_0000097	/home/wangzhe/DroneP_VG/dataset/VisDroneSplit1000Guarded/VisDrone2019-DET-test/images/9999951_00000_d_0000097.jpg	/home/wangzhe/DroneP_VG/dataset/VisDroneSplit1000Guarded/VisDrone2019-DET-test/annotations/9999951_00000_d_0000097.txt	train
test	9999951_00000_d_0000107	/home/wangzhe/DroneP_VG/dataset/VisDroneSplit1000Guarded/VisDrone2019-DET-test/images/9999951_00000_d_0000107.jpg	/home/wangzhe/DroneP_VG/dataset/VisDroneSplit1000Guarded/VisDrone2019-DET-test/annotations/9999951_00000_d_0000107.txt	train
test	9999951_00000_d_0000117	/home/wangzhe/DroneP_VG/dataset/VisDroneSplit1000Guarded/VisDrone2019-DET-test/images/9999951_00000_d_0000117.jpg	/home/wangzhe/DroneP_VG/dataset/VisDroneSplit1000Guarded/VisDrone2019-DET-test/annotations/9999951_00000_d_0000117.txt	train
test	9999951_00000_d_0000145	/home/wangzhe/DroneP_VG/dataset/VisDroneSplit1000Guarded/VisDrone2019-DET-test/images/9999951_00000_d_0000145.jpg	/home/wangzhe/DroneP_VG/dataset/VisDroneSplit1000Guarded/VisDrone2019-DET-test/annotations/9999951_00000_d_0000145.txt	train
test	9999951_00000_d_0000158	/home/wangzhe/DroneP_VG/dataset/VisDroneSplit1000Guarded/VisDrone2019-DET-test/images/9999951_00000_d_0000158.jpg	/home/wangzhe/DroneP_VG/dataset/VisDroneSplit1000Guarded/VisDrone2019-DET-test/annotations/9999951_00000_d_0000158.txt	train
test	9999952_00000_d_0000002	/home/wangzhe/DroneP_VG/dataset/VisDroneSplit1000Guarded/VisDrone2019-DET-test/images/9999952_00000_d_0000002.jpg	/home/wangzhe/DroneP_VG/dataset/VisDroneSplit1000Guarded/VisDrone2019-DET-test/annotations/9999952_00000_d_0000002.txt	test
test	9999952_00000_d_0000027	/home/wangzhe/DroneP_VG/dataset/VisDroneSplit1000Guarded/VisDrone2019-DET-test/images/9999952_00000_d_0000027.jpg	/home/wangzhe/DroneP_VG/dataset/VisDroneSplit1000Guarded/VisDrone2019-DET-test/annotations/9999952_00000_d_0000027.txt	visdrone_test_100
test	9999952_00000_d_0000180	/home/wangzhe/DroneP_VG/dataset/VisDroneSplit1000Guarded/VisDrone2019-DET-test/images/9999952_00000_d_0000180.jpg	/home/wangzhe/DroneP_VG/dataset/VisDroneSplit1000Guarded/VisDrone2019-DET-test/annotations/9999952_00000_d_0000180.txt	test
test	9999952_00000_d_0000200	/home/wangzhe/DroneP_VG/dataset/VisDroneSplit1000Guarded/VisDrone2019-DET-test/images/9999952_00000_d_0000200.jpg	/home/wangzhe/DroneP_VG/dataset/VisDroneSplit1000Guarded/VisDrone2019-DET-test/annotations/9999952_00000_d_0000200.txt	test
test	9999952_00000_d_0000239	/home/wangzhe/DroneP_VG/dataset/VisDroneSplit1000Guarded/VisDrone2019-DET-test/images/9999952_00000_d_0000239.jpg	/home/wangzhe/DroneP_VG/dataset/VisDroneSplit1000Guarded/VisDrone2019-DET-test/annotations/9999952_00000_d_0000239.txt	test
test	9999952_00000_d_0000319	/home/wangzhe/DroneP_VG/dataset/VisDroneSplit1000Guarded/VisDrone2019-DET-test/images/9999952_00000_d_0000319.jpg	/home/wangzhe/DroneP_VG/dataset/VisDroneSplit1000Guarded/VisDrone2019-DET-test/annotations/9999952_00000_d_0000319.txt	test
test	9999953_00000_d_0000054	/home/wangzhe/DroneP_VG/dataset/VisDroneSplit1000Guarded/VisDrone2019-DET-test/images/9999953_00000_d_0000054.jpg	/home/wangzhe/DroneP_VG/dataset/VisDroneSplit1000Guarded/VisDrone2019-DET-test/annotations/9999953_00000_d_0000054.txt	train
test	9999953_00000_d_0000069	/home/wangzhe/DroneP_VG/dataset/VisDroneSplit1000Guarded/VisDrone2019-DET-test/images/9999953_00000_d_0000069.jpg	/home/wangzhe/DroneP_VG/dataset/VisDroneSplit1000Guarded/VisDrone2019-DET-test/annotations/9999953_00000_d_0000069.txt	train
test	9999953_00000_d_0000121	/home/wangzhe/DroneP_VG/dataset/VisDroneSplit1000Guarded/VisDrone2019-DET-test/images/9999953_00000_d_0000121.jpg	/home/wangzhe/DroneP_VG/dataset/VisDroneSplit1000Guarded/VisDrone2019-DET-test/annotations/9999953_00000_d_0000121.txt	train
test	9999955_00000_d_0000034	/home/wangzhe/DroneP_VG/dataset/VisDroneSplit1000Guarded/VisDrone2019-DET-test/images/9999955_00000_d_0000034.jpg	/home/wangzhe/DroneP_VG/dataset/VisDroneSplit1000Guarded/VisDrone2019-DET-test/annotations/9999955_00000_d_0000034.txt	train
test	9999955_00000_d_0000052	/home/wangzhe/DroneP_VG/dataset/VisDroneSplit1000Guarded/VisDrone2019-DET-test/images/9999955_00000_d_0000052.jpg	/home/wangzhe/DroneP_VG/dataset/VisDroneSplit1000Guarded/VisDrone2019-DET-test/annotations/9999955_00000_d_0000052.txt	train
test	9999955_00000_d_0000069	/home/wangzhe/DroneP_VG/dataset/VisDroneSplit1000Guarded/VisDrone2019-DET-test/images/9999955_00000_d_0000069.jpg	/home/wangzhe/DroneP_VG/dataset/VisDroneSplit1000Guarded/VisDrone2019-DET-test/annotations/9999955_00000_d_0000069.txt	train
test	9999955_00000_d_0000143	/home/wangzhe/DroneP_VG/dataset/VisDroneSplit1000Guarded/VisDrone2019-DET-test/images/9999955_00000_d_0000143.jpg	/home/wangzhe/DroneP_VG/dataset/VisDroneSplit1000Guarded/VisDrone2019-DET-test/annotations/9999955_00000_d_0000143.txt	train
test	9999955_00000_d_0000266	/home/wangzhe/DroneP_VG/dataset/VisDroneSplit1000Guarded/VisDrone2019-DET-test/images/9999955_00000_d_0000266.jpg	/home/wangzhe/DroneP_VG/dataset/VisDroneSplit1000Guarded/VisDrone2019-DET-test/annotations/9999955_00000_d_0000266.txt	train
test	9999955_00000_d_0000302	/home/wangzhe/DroneP_VG/dataset/VisDroneSplit1000Guarded/VisDrone2019-DET-test/images/9999955_00000_d_0000302.jpg	/home/wangzhe/DroneP_VG/dataset/VisDroneSplit1000Guarded/VisDrone2019-DET-test/annotations/9999955_00000_d_0000302.txt	train
test	9999955_00000_d_0000432	/home/wangzhe/DroneP_VG/dataset/VisDroneSplit1000Guarded/VisDrone2019-DET-test/images/9999955_00000_d_0000432.jpg	/home/wangzhe/DroneP_VG/dataset/VisDroneSplit1000Guarded/VisDrone2019-DET-test/annotations/9999955_00000_d_0000432.txt	train
test	9999956_00000_d_0000086	/home/wangzhe/DroneP_VG/dataset/VisDroneSplit1000Guarded/VisDrone2019-DET-test/images/9999956_00000_d_0000086.jpg	/home/wangzhe/DroneP_VG/dataset/VisDroneSplit1000Guarded/VisDrone2019-DET-test/annotations/9999956_00000_d_0000086.txt	train
test	9999960_00000_d_0000004	/home/wangzhe/DroneP_VG/dataset/VisDroneSplit1000Guarded/VisDrone2019-DET-test/images/9999960_00000_d_0000004.jpg	/home/wangzhe/DroneP_VG/dataset/VisDroneSplit1000Guarded/VisDrone2019-DET-test/annotations/9999960_00000_d_0000004.txt	train
test	9999960_00000_d_0000054	/home/wangzhe/DroneP_VG/dataset/VisDroneSplit1000Guarded/VisDrone2019-DET-test/images/9999960_00000_d_0000054.jpg	/home/wangzhe/DroneP_VG/dataset/VisDroneSplit1000Guarded/VisDrone2019-DET-test/annotations/9999960_00000_d_0000054.txt	train
test	9999960_00000_d_0000092	/home/wangzhe/DroneP_VG/dataset/VisDroneSplit1000Guarded/VisDrone2019-DET-test/images/9999960_00000_d_0000092.jpg	/home/wangzhe/DroneP_VG/dataset/VisDroneSplit1000Guarded/VisDrone2019-DET-test/annotations/9999960_00000_d_0000092.txt	train
test	9999960_00000_d_0000110	/home/wangzhe/DroneP_VG/dataset/VisDroneSplit1000Guarded/VisDrone2019-DET-test/images/9999960_00000_d_0000110.jpg	/home/wangzhe/DroneP_VG/dataset/VisDroneSplit1000Guarded/VisDrone2019-DET-test/annotations/9999960_00000_d_0000110.txt	train
test	9999960_00000_d_0000156	/home/wangzhe/DroneP_VG/dataset/VisDroneSplit1000Guarded/VisDrone2019-DET-test/images/9999960_00000_d_0000156.jpg	/home/wangzhe/DroneP_VG/dataset/VisDroneSplit1000Guarded/VisDrone2019-DET-test/annotations/9999960_00000_d_0000156.txt	train
test	9999960_00000_d_0000169	/home/wangzhe/DroneP_VG/dataset/VisDroneSplit1000Guarded/VisDrone2019-DET-test/images/9999960_00000_d_0000169.jpg	/home/wangzhe/DroneP_VG/dataset/VisDroneSplit1000Guarded/VisDrone2019-DET-test/annotations/9999960_00000_d_0000169.txt	train
test	9999962_00000_d_0000005	/home/wangzhe/DroneP_VG/dataset/VisDroneSplit1000Guarded/VisDrone2019-DET-test/images/9999962_00000_d_0000005.jpg	/home/wangzhe/DroneP_VG/dataset/VisDroneSplit1000Guarded/VisDrone2019-DET-test/annotations/9999962_00000_d_0000005.txt	train
test	9999962_00000_d_0000011	/home/wangzhe/DroneP_VG/dataset/VisDroneSplit1000Guarded/VisDrone2019-DET-test/images/9999962_00000_d_0000011.jpg	/home/wangzhe/DroneP_VG/dataset/VisDroneSplit1000Guarded/VisDrone2019-DET-test/annotations/9999962_00000_d_0000011.txt	train
test	9999962_00000_d_0000162	/home/wangzhe/DroneP_VG/dataset/VisDroneSplit1000Guarded/VisDrone2019-DET-test/images/9999962_00000_d_0000162.jpg	/home/wangzhe/DroneP_VG/dataset/VisDroneSplit1000Guarded/VisDrone2019-DET-test/annotations/9999962_00000_d_0000162.txt	train
test	9999963_00000_d_0000026	/home/wangzhe/DroneP_VG/dataset/VisDroneSplit1000Guarded/VisDrone2019-DET-test/images/9999963_00000_d_0000026.jpg	/home/wangzhe/DroneP_VG/dataset/VisDroneSplit1000Guarded/VisDrone2019-DET-test/annotations/9999963_00000_d_0000026.txt	test
test	9999963_00000_d_0000029	/home/wangzhe/DroneP_VG/dataset/VisDroneSplit1000Guarded/VisDrone2019-DET-test/images/9999963_00000_d_0000029.jpg	/home/wangzhe/DroneP_VG/dataset/VisDroneSplit1000Guarded/VisDrone2019-DET-test/annotations/9999963_00000_d_0000029.txt	visdrone_test_100
test	9999964_00000_d_0000016	/home/wangzhe/DroneP_VG/dataset/VisDroneSplit1000Guarded/VisDrone2019-DET-test/images/9999964_00000_d_0000016.jpg	/home/wangzhe/DroneP_VG/dataset/VisDroneSplit1000Guarded/VisDrone2019-DET-test/annotations/9999964_00000_d_0000016.txt	train
test	9999964_00000_d_0000024	/home/wangzhe/DroneP_VG/dataset/VisDroneSplit1000Guarded/VisDrone2019-DET-test/images/9999964_00000_d_0000024.jpg	/home/wangzhe/DroneP_VG/dataset/VisDroneSplit1000Guarded/VisDrone2019-DET-test/annotations/9999964_00000_d_0000024.txt	train
test	9999964_00000_d_0000059	/home/wangzhe/DroneP_VG/dataset/VisDroneSplit1000Guarded/VisDrone2019-DET-test/images/9999964_00000_d_0000059.jpg	/home/wangzhe/DroneP_VG/dataset/VisDroneSplit1000Guarded/VisDrone2019-DET-test/annotations/9999964_00000_d_0000059.txt	train
test	9999964_00000_d_0000079	/home/wangzhe/DroneP_VG/dataset/VisDroneSplit1000Guarded/VisDrone2019-DET-test/images/9999964_00000_d_0000079.jpg	/home/wangzhe/DroneP_VG/dataset/VisDroneSplit1000Guarded/VisDrone2019-DET-test/annotations/9999964_00000_d_0000079.txt	train
test	9999966_00000_d_0000135	/home/wangzhe/DroneP_VG/dataset/VisDroneSplit1000Guarded/VisDrone2019-DET-test/images/9999966_00000_d_0000135.jpg	/home/wangzhe/DroneP_VG/dataset/VisDroneSplit1000Guarded/VisDrone2019-DET-test/annotations/9999966_00000_d_0000135.txt	train
test	9999969_00000_d_0000022	/home/wangzhe/DroneP_VG/dataset/VisDroneSplit1000Guarded/VisDrone2019-DET-test/images/9999969_00000_d_0000022.jpg	/home/wangzhe/DroneP_VG/dataset/VisDroneSplit1000Guarded/VisDrone2019-DET-test/annotations/9999969_00000_d_0000022.txt	train
test	9999970_00000_d_0000003	/home/wangzhe/DroneP_VG/dataset/VisDroneSplit1000Guarded/VisDrone2019-DET-test/images/9999970_00000_d_0000003.jpg	/home/wangzhe/DroneP_VG/dataset/VisDroneSplit1000Guarded/VisDrone2019-DET-test/annotations/9999970_00000_d_0000003.txt	train
test	9999972_00000_d_0000046	/home/wangzhe/DroneP_VG/dataset/VisDroneSplit1000Guarded/VisDrone2019-DET-test/images/9999972_00000_d_0000046.jpg	/home/wangzhe/DroneP_VG/dataset/VisDroneSplit1000Guarded/VisDrone2019-DET-test/annotations/9999972_00000_d_0000046.txt	train
test	9999972_00000_d_0000064	/home/wangzhe/DroneP_VG/dataset/VisDroneSplit1000Guarded/VisDrone2019-DET-test/images/9999972_00000_d_0000064.jpg	/home/wangzhe/DroneP_VG/dataset/VisDroneSplit1000Guarded/VisDrone2019-DET-test/annotations/9999972_00000_d_0000064.txt	train
test	9999972_00000_d_0000104	/home/wangzhe/DroneP_VG/dataset/VisDroneSplit1000Guarded/VisDrone2019-DET-test/images/9999972_00000_d_0000104.jpg	/home/wangzhe/DroneP_VG/dataset/VisDroneSplit1000Guarded/VisDrone2019-DET-test/annotations/9999972_00000_d_0000104.txt	train
test	9999973_00000_d_0000033	/home/wangzhe/DroneP_VG/dataset/VisDroneSplit1000Guarded/VisDrone2019-DET-test/images/9999973_00000_d_0000033.jpg	/home/wangzhe/DroneP_VG/dataset/VisDroneSplit1000Guarded/VisDrone2019-DET-test/annotations/9999973_00000_d_0000033.txt	visdrone_test_100
test	9999973_00000_d_0000070	/home/wangzhe/DroneP_VG/dataset/VisDroneSplit1000Guarded/VisDrone2019-DET-test/images/9999973_00000_d_0000070.jpg	/home/wangzhe/DroneP_VG/dataset/VisDroneSplit1000Guarded/VisDrone2019-DET-test/annotations/9999973_00000_d_0000070.txt	test
test	9999973_00000_d_0000076	/home/wangzhe/DroneP_VG/dataset/VisDroneSplit1000Guarded/VisDrone2019-DET-test/images/9999973_00000_d_0000076.jpg	/home/wangzhe/DroneP_VG/dataset/VisDroneSplit1000Guarded/VisDrone2019-DET-test/annotations/9999973_00000_d_0000076.txt	visdrone_test_100
test	9999974_00000_d_0000005	/home/wangzhe/DroneP_VG/dataset/VisDroneSplit1000Guarded/VisDrone2019-DET-test/images/9999974_00000_d_0000005.jpg	/home/wangzhe/DroneP_VG/dataset/VisDroneSplit1000Guarded/VisDrone2019-DET-test/annotations/9999974_00000_d_0000005.txt	train
test	9999976_00000_d_0000004	/home/wangzhe/DroneP_VG/dataset/VisDroneSplit1000Guarded/VisDrone2019-DET-test/images/9999976_00000_d_0000004.jpg	/home/wangzhe/DroneP_VG/dataset/VisDroneSplit1000Guarded/VisDrone2019-DET-test/annotations/9999976_00000_d_0000004.txt	visdrone_test_100
test	9999977_00000_d_0000038	/home/wangzhe/DroneP_VG/dataset/VisDroneSplit1000Guarded/VisDrone2019-DET-test/images/9999977_00000_d_0000038.jpg	/home/wangzhe/DroneP_VG/dataset/VisDroneSplit1000Guarded/VisDrone2019-DET-test/annotations/9999977_00000_d_0000038.txt	train
test	9999979_00000_d_0000046	/home/wangzhe/DroneP_VG/dataset/VisDroneSplit1000Guarded/VisDrone2019-DET-test/images/9999979_00000_d_0000046.jpg	/home/wangzhe/DroneP_VG/dataset/VisDroneSplit1000Guarded/VisDrone2019-DET-test/annotations/9999979_00000_d_0000046.txt	test
test	9999981_00000_d_0000063	/home/wangzhe/DroneP_VG/dataset/VisDroneSplit1000Guarded/VisDrone2019-DET-test/images/9999981_00000_d_0000063.jpg	/home/wangzhe/DroneP_VG/dataset/VisDroneSplit1000Guarded/VisDrone2019-DET-test/annotations/9999981_00000_d_0000063.txt	train
test	9999981_00000_d_0000075	/home/wangzhe/DroneP_VG/dataset/VisDroneSplit1000Guarded/VisDrone2019-DET-test/images/9999981_00000_d_0000075.jpg	/home/wangzhe/DroneP_VG/dataset/VisDroneSplit1000Guarded/VisDrone2019-DET-test/annotations/9999981_00000_d_0000075.txt	train
test	9999981_00000_d_0000114	/home/wangzhe/DroneP_VG/dataset/VisDroneSplit1000Guarded/VisDrone2019-DET-test/images/9999981_00000_d_0000114.jpg	/home/wangzhe/DroneP_VG/dataset/VisDroneSplit1000Guarded/VisDrone2019-DET-test/annotations/9999981_00000_d_0000114.txt	train
test	9999981_00000_d_0000131	/home/wangzhe/DroneP_VG/dataset/VisDroneSplit1000Guarded/VisDrone2019-DET-test/images/9999981_00000_d_0000131.jpg	/home/wangzhe/DroneP_VG/dataset/VisDroneSplit1000Guarded/VisDrone2019-DET-test/annotations/9999981_00000_d_0000131.txt	train
test	9999981_00000_d_0000151	/home/wangzhe/DroneP_VG/dataset/VisDroneSplit1000Guarded/VisDrone2019-DET-test/images/9999981_00000_d_0000151.jpg	/home/wangzhe/DroneP_VG/dataset/VisDroneSplit1000Guarded/VisDrone2019-DET-test/annotations/9999981_00000_d_0000151.txt	train
test	9999984_00000_d_0000044	/home/wangzhe/DroneP_VG/dataset/VisDroneSplit1000Guarded/VisDrone2019-DET-test/images/9999984_00000_d_0000044.jpg	/home/wangzhe/DroneP_VG/dataset/VisDroneSplit1000Guarded/VisDrone2019-DET-test/annotations/9999984_00000_d_0000044.txt	train
test	9999984_00000_d_0000064	/home/wangzhe/DroneP_VG/dataset/VisDroneSplit1000Guarded/VisDrone2019-DET-test/images/9999984_00000_d_0000064.jpg	/home/wangzhe/DroneP_VG/dataset/VisDroneSplit1000Guarded/VisDrone2019-DET-test/annotations/9999984_00000_d_0000064.txt	train
test	9999984_00000_d_0000106	/home/wangzhe/DroneP_VG/dataset/VisDroneSplit1000Guarded/VisDrone2019-DET-test/images/9999984_00000_d_0000106.jpg	/home/wangzhe/DroneP_VG/dataset/VisDroneSplit1000Guarded/VisDrone2019-DET-test/annotations/9999984_00000_d_0000106.txt	train
test	9999986_00000_d_0000011	/home/wangzhe/DroneP_VG/dataset/VisDroneSplit1000Guarded/VisDrone2019-DET-test/images/9999986_00000_d_0000011.jpg	/home/wangzhe/DroneP_VG/dataset/VisDroneSplit1000Guarded/VisDrone2019-DET-test/annotations/9999986_00000_d_0000011.txt	visdrone_test_100
test	9999993_00000_d_0000022	/home/wangzhe/DroneP_VG/dataset/VisDroneSplit1000Guarded/VisDrone2019-DET-test/images/9999993_00000_d_0000022.jpg	/home/wangzhe/DroneP_VG/dataset/VisDroneSplit1000Guarded/VisDrone2019-DET-test/annotations/9999993_00000_d_0000022.txt	test
test	9999998_00076_d_0000061	/home/wangzhe/DroneP_VG/dataset/VisDroneSplit1000Guarded/VisDrone2019-DET-test/images/9999998_00076_d_0000061.jpg	/home/wangzhe/DroneP_VG/dataset/VisDroneSplit1000Guarded/VisDrone2019-DET-test/annotations/9999998_00076_d_0000061.txt	train
test	9999998_00300_d_0000253	/home/wangzhe/DroneP_VG/dataset/VisDroneSplit1000Guarded/VisDrone2019-DET-test/images/9999998_00300_d_0000253.jpg	/home/wangzhe/DroneP_VG/dataset/VisDroneSplit1000Guarded/VisDrone2019-DET-test/annotations/9999998_00300_d_0000253.txt	train
test	9999998_00314_d_0000267	/home/wangzhe/DroneP_VG/dataset/VisDroneSplit1000Guarded/VisDrone2019-DET-test/images/9999998_00314_d_0000267.jpg	/home/wangzhe/DroneP_VG/dataset/VisDroneSplit1000Guarded/VisDrone2019-DET-test/annotations/9999998_00314_d_0000267.txt	train
test	9999998_00357_d_0000309	/home/wangzhe/DroneP_VG/dataset/VisDroneSplit1000Guarded/VisDrone2019-DET-test/images/9999998_00357_d_0000309.jpg	/home/wangzhe/DroneP_VG/dataset/VisDroneSplit1000Guarded/VisDrone2019-DET-test/annotations/9999998_00357_d_0000309.txt	train
test	9999999_00073_d_0000023	/home/wangzhe/DroneP_VG/dataset/VisDroneSplit1000Guarded/VisDrone2019-DET-test/images/9999999_00073_d_0000023.jpg	/home/wangzhe/DroneP_VG/dataset/VisDroneSplit1000Guarded/VisDrone2019-DET-test/annotations/9999999_00073_d_0000023.txt	train
test	9999999_00091_d_0000032	/home/wangzhe/DroneP_VG/dataset/VisDroneSplit1000Guarded/VisDrone2019-DET-test/images/9999999_00091_d_0000032.jpg	/home/wangzhe/DroneP_VG/dataset/VisDroneSplit1000Guarded/VisDrone2019-DET-test/annotations/9999999_00091_d_0000032.txt	train
test	9999999_00512_d_0000229	/home/wangzhe/DroneP_VG/dataset/VisDroneSplit1000Guarded/VisDrone2019-DET-test/images/9999999_00512_d_0000229.jpg	/home/wangzhe/DroneP_VG/dataset/VisDroneSplit1000Guarded/VisDrone2019-DET-test/annotations/9999999_00512_d_0000229.txt	train
test	9999999_00522_d_0000234	/home/wangzhe/DroneP_VG/dataset/VisDroneSplit1000Guarded/VisDrone2019-DET-test/images/9999999_00522_d_0000234.jpg	/home/wangzhe/DroneP_VG/dataset/VisDroneSplit1000Guarded/VisDrone2019-DET-test/annotations/9999999_00522_d_0000234.txt	train
test	9999999_00646_d_0000294	/home/wangzhe/DroneP_VG/dataset/VisDroneSplit1000Guarded/VisDrone2019-DET-test/images/9999999_00646_d_0000294.jpg	/home/wangzhe/DroneP_VG/dataset/VisDroneSplit1000Guarded/VisDrone2019-DET-test/annotations/9999999_00646_d_0000294.txt	train
test	9999999_00749_d_0000342	/home/wangzhe/DroneP_VG/dataset/VisDroneSplit1000Guarded/VisDrone2019-DET-test/images/9999999_00749_d_0000342.jpg	/home/wangzhe/DroneP_VG/dataset/VisDroneSplit1000Guarded/VisDrone2019-DET-test/annotations/9999999_00749_d_0000342.txt	train
